user_id,variant,country,day,pre_revenue,converted,revenue
1,B,DE,9,,0,0.0
2,B,UK,11,14.81,0,0.0
3,A,UK,9,6.96,0,0.0
4,A,US,8,7.61,1,6.82
5,B,UK,7,5.53,1,4.4
6,A,US,8,24.38,0,0.0
7,B,UK,14,26.5,1,24.34
8,B,US,12,42.86,0,0.0
9,A,DE,6,40.28,0,0.0
10,B,US,6,8.34,0,0.0
11,B,US,1,39.74,0,0.0
12,B,DE,10,19.18,0,0.0
13,B,UK,1,22.73,0,0.0
14,A,US,3,39.9,0,0.0
15,A,UK,1,7.41,0,0.0
16,B,US,1,28.31,0,0.0
17,B,US,13,21.22,0,0.0
18,A,UK,8,9.64,0,0.0
19,A,UK,7,22.77,0,0.0
20,A,US,12,11.94,0,0.0
21,A,DE,3,20.06,0,0.0
22,A,DE,8,12.57,1,15.57
23,B,US,12,19.19,0,0.0
24,A,US,12,6.68,0,0.0
25,B,US,11,63.35,0,0.0
26,B,US,9,24.55,0,0.0
27,A,UK,10,8.07,0,0.0
28,B,UK,12,16.4,1,14.23
29,A,US,14,15.6,0,0.0
30,A,US,8,43.39,0,0.0
31,B,US,11,35.84,0,0.0
32,A,US,9,44.39,0,0.0
33,A,DE,7,25.87,0,0.0
34,B,UK,12,10.51,0,0.0
35,B,DE,6,10.21,0,0.0
36,A,UK,5,88.3,0,0.0
37,A,US,14,42.33,0,0.0
38,B,US,10,2.01,0,0.0
39,A,US,9,25.92,0,0.0
40,B,US,2,23.98,1,21.6
41,A,DE,7,52.73,0,0.0
42,B,US,9,65.28,0,0.0
43,A,US,4,26.65,0,0.0
44,B,DE,8,24.89,0,0.0
45,B,DE,9,47.29,0,0.0
46,A,UK,14,26.07,0,0.0
47,A,US,5,36.15,0,0.0
48,A,DE,12,18.14,0,0.0
49,B,US,5,46.34,1,27.31
50,A,US,10,15.07,0,0.0
51,B,US,12,21.27,1,12.77
52,B,US,11,30.37,0,0.0
53,A,US,6,25.82,0,0.0
54,A,US,1,31.1,0,0.0
55,B,UK,7,23.41,0,0.0
56,A,US,8,33.29,0,0.0
57,A,UK,7,18.48,0,0.0
58,A,US,7,8.49,0,0.0
59,B,UK,5,51.74,0,0.0
60,B,US,12,18.99,0,0.0
61,A,UK,4,4.22,0,0.0
62,B,UK,2,29.3,0,0.0
63,B,DE,11,38.46,0,0.0
64,A,UK,5,21.75,0,0.0
65,B,UK,14,7.75,0,0.0
66,A,US,11,24.05,1,16.21
67,A,DE,8,5.54,0,0.0
68,B,US,3,66.69,0,0.0
69,A,UK,5,38.59,0,0.0
70,B,US,6,11.24,0,0.0
71,A,UK,13,26.67,0,0.0
72,B,UK,1,33.09,0,0.0
73,A,US,8,4.94,0,0.0
74,B,DE,14,24.4,0,0.0
75,B,US,4,7.63,0,0.0
76,B,DE,13,6.58,0,0.0
77,B,US,8,9.4,1,6.73
78,A,US,5,11.65,0,0.0
79,B,US,5,23.74,0,0.0
80,A,US,7,23.76,0,0.0
81,B,US,3,30.16,0,0.0
82,B,UK,2,29.81,0,0.0
83,A,US,1,2.5,0,0.0
84,A,US,2,10.46,0,0.0
85,A,US,2,34.22,0,0.0
86,B,US,7,30.01,0,0.0
87,B,UK,5,29.22,0,0.0
88,B,DE,1,5.34,1,-1.93
89,B,UK,11,58.63,0,0.0
90,A,UK,10,20.61,0,0.0
91,B,UK,2,12.83,0,0.0
92,A,DE,5,19.47,0,0.0
93,A,US,2,4.43,0,0.0
94,A,US,12,46.71,0,0.0
95,B,US,13,37.06,0,0.0
96,A,UK,8,43.55,0,0.0
97,B,US,11,29.04,0,0.0
98,B,US,11,21.36,0,0.0
99,B,US,13,5.59,0,0.0
100,A,US,7,20.64,1,11.97
101,B,DE,9,11.05,1,15.29
102,A,UK,4,98.23,1,62.81
103,B,US,6,34.8,0,0.0
104,A,US,4,22.36,1,15.08
105,B,UK,11,53.94,0,0.0
106,B,US,5,5.08,0,0.0
107,B,US,12,89.76,0,0.0
108,B,UK,8,16.39,0,0.0
109,A,US,11,39.49,1,29.42
110,A,DE,3,13.22,0,0.0
111,B,US,10,53.29,0,0.0
112,B,US,2,16.49,0,0.0
113,A,UK,4,19.41,0,0.0
114,A,US,8,80.47,0,0.0
115,A,US,12,23.69,0,0.0
116,B,DE,11,18.44,0,0.0
117,A,UK,12,21.2,0,0.0
118,B,UK,14,26.64,1,13.18
119,B,US,6,62.92,0,0.0
120,B,UK,13,18.49,0,0.0
121,B,DE,7,5.51,0,0.0
122,B,US,4,2.93,0,0.0
123,A,US,12,57.39,0,0.0
124,A,US,11,20.31,0,0.0
125,B,US,4,19.94,0,0.0
126,A,US,2,13.43,0,0.0
127,B,US,4,43.47,0,0.0
128,A,DE,10,16.87,0,0.0
129,A,UK,13,,0,0.0
130,A,UK,9,15.38,0,0.0
131,A,DE,14,47.92,1,41.7
132,B,UK,7,31.86,1,17.15
133,A,UK,3,31.65,0,0.0
134,A,UK,2,30.24,0,0.0
135,A,UK,11,17.45,0,0.0
136,B,US,14,24.59,0,0.0
137,A,US,10,9.58,0,0.0
138,A,US,1,27.42,0,0.0
139,B,UK,9,28.8,0,0.0
140,B,US,13,16.2,0,0.0
141,B,UK,10,17.15,1,16.52
142,B,UK,7,55.91,0,0.0
143,A,UK,14,47.71,0,0.0
144,A,UK,3,32.52,1,20.54
145,B,US,12,53.35,0,0.0
146,A,DE,10,12.18,0,0.0
147,A,UK,3,40.2,0,0.0
148,A,US,13,23.52,1,19.65
149,B,DE,10,32.96,0,0.0
150,B,UK,12,22.11,0,0.0
151,A,US,2,51.61,1,33.32
152,A,UK,12,18.02,0,0.0
153,A,US,14,32.9,0,0.0
154,B,US,7,26.2,0,0.0
155,A,DE,4,13.41,1,12.14
156,A,US,1,2.64,1,0.36
157,B,US,3,23.86,0,0.0
158,B,US,8,38.08,0,0.0
159,B,UK,11,46.25,0,0.0
160,B,UK,6,108.29,0,0.0
161,B,US,12,13.87,0,0.0
162,B,UK,10,13.76,1,10.74
163,A,US,13,45.89,0,0.0
164,A,US,9,65.66,0,0.0
165,A,UK,12,21.09,0,0.0
166,A,US,5,29.52,0,0.0
167,B,US,14,101.68,0,0.0
168,B,UK,9,29.53,0,0.0
169,B,US,5,17.39,0,0.0
170,A,US,4,32.78,0,0.0
171,B,UK,11,9.33,0,0.0
172,A,US,5,28.23,0,0.0
173,A,US,5,24.24,0,0.0
174,A,DE,9,31.69,0,0.0
175,B,UK,9,32.52,1,20.28
176,A,US,8,26.91,0,0.0
177,A,US,1,34.46,0,0.0
178,A,DE,9,36.89,0,0.0
179,A,UK,8,20.46,0,0.0
180,B,US,5,29.49,0,0.0
181,A,US,13,22.25,0,0.0
182,B,UK,14,16.57,0,0.0
183,B,US,10,44.62,0,0.0
184,A,DE,6,15.39,0,0.0
185,B,US,4,21.51,0,0.0
186,A,US,1,76.58,0,0.0
187,B,US,8,29.65,0,0.0
188,B,US,4,19.02,0,0.0
189,B,US,13,40.12,1,30.33
190,A,UK,2,11.02,0,0.0
191,B,US,9,1.22,0,0.0
192,A,US,6,16.74,0,0.0
193,B,DE,13,13.68,0,0.0
194,A,DE,6,14.62,0,0.0
195,A,UK,4,22.62,0,0.0
196,B,DE,4,15.97,0,0.0
197,B,UK,3,28.33,0,0.0
198,B,US,9,57.25,0,0.0
199,B,US,1,28.55,0,0.0
200,A,UK,11,11.23,0,0.0
201,B,US,9,15.04,1,3.68
202,A,US,9,30.99,0,0.0
203,B,US,4,4.93,0,0.0
204,A,US,13,10.37,0,0.0
205,A,UK,6,33.26,0,0.0
206,A,DE,7,7.63,0,0.0
207,B,UK,3,87.49,0,0.0
208,A,US,4,74.85,0,0.0
209,B,UK,4,10.36,0,0.0
210,A,US,7,3.93,0,0.0
211,B,UK,8,69.79,0,0.0
212,B,US,3,49.28,0,0.0
213,A,US,12,41.37,0,0.0
214,B,US,6,24.59,0,0.0
215,A,UK,11,21.95,0,0.0
216,B,US,13,12.74,0,0.0
217,A,DE,6,71.81,0,0.0
218,A,US,2,65.08,0,0.0
219,B,DE,1,19.07,0,0.0
220,B,US,11,17.96,0,0.0
221,A,UK,10,34.84,0,0.0
222,B,DE,4,45.38,0,0.0
223,A,US,9,119.48,0,0.0
224,A,US,4,5.87,0,0.0
225,A,US,5,13.54,0,0.0
226,A,US,7,36.75,0,0.0
227,A,US,3,39.88,0,0.0
228,B,DE,12,119.73,1,76.15
229,B,DE,14,10.17,0,0.0
230,A,UK,1,8.05,0,0.0
231,A,UK,10,41.62,1,32.68
232,A,US,8,58.87,1,34.77
233,B,US,13,35.08,0,0.0
234,A,US,4,23.27,0,0.0
235,B,DE,12,50.4,0,0.0
236,A,UK,7,66.82,0,0.0
237,A,DE,9,46.7,0,0.0
238,A,US,14,9.21,1,3.93
239,B,US,4,32.01,0,0.0
240,A,DE,4,25.98,0,0.0
241,A,US,9,16.65,0,0.0
242,A,US,1,4.29,0,0.0
243,B,US,4,25.41,0,0.0
244,B,US,10,11.54,0,0.0
245,A,US,6,4.47,0,0.0
246,B,US,10,7.77,0,0.0
247,B,US,5,19.54,0,0.0
248,B,UK,10,9.03,0,0.0
249,A,UK,4,13.13,0,0.0
250,A,US,8,11.14,1,13.21
251,B,US,7,28.91,0,0.0
252,A,US,1,16.08,0,0.0
253,A,US,1,64.81,0,0.0
254,A,US,8,20.58,0,0.0
255,A,UK,3,33.74,0,0.0
256,B,US,3,15.45,0,0.0
257,B,US,9,17.21,0,0.0
258,A,US,7,19.21,0,0.0
259,B,US,8,17.83,0,0.0
260,B,UK,3,37.6,0,0.0
261,A,US,9,16.74,0,0.0
262,A,DE,14,27.69,1,19.22
263,A,DE,8,19.81,0,0.0
264,A,US,14,1.99,0,0.0
265,A,US,6,14.24,0,0.0
266,B,US,2,11.02,0,0.0
267,B,DE,12,55.87,0,0.0
268,B,US,5,44.53,0,0.0
269,A,DE,3,14.12,1,8.91
270,A,DE,4,8.06,0,0.0
271,B,US,8,9.15,0,0.0
272,B,US,6,41.41,0,0.0
273,B,US,4,10.74,0,0.0
274,B,DE,9,19.53,0,0.0
275,A,UK,2,42.58,0,0.0
276,A,DE,3,80.43,0,0.0
277,B,US,2,13.21,0,0.0
278,A,DE,7,27.19,0,0.0
279,B,UK,9,56.38,0,0.0
280,A,DE,8,37.69,0,0.0
281,A,DE,12,38.22,0,0.0
282,A,US,10,10.59,0,0.0
283,A,UK,9,50.43,0,0.0
284,A,UK,6,41.6,0,0.0
285,B,UK,10,75.92,0,0.0
286,B,UK,2,20.52,0,0.0
287,B,UK,4,29.22,0,0.0
288,B,UK,9,13.8,0,0.0
289,B,US,12,38.48,0,0.0
290,B,US,7,50.31,0,0.0
291,B,DE,5,24.97,0,0.0
292,B,DE,13,11.37,0,0.0
293,B,US,11,60.58,0,0.0
294,A,US,9,31.34,0,0.0
295,A,US,13,10.19,0,0.0
296,A,US,3,9.06,0,0.0
297,B,DE,12,18.25,0,0.0
298,B,UK,7,17.75,0,0.0
299,A,US,3,22.0,0,0.0
300,B,UK,4,22.13,0,0.0
301,A,US,13,13.25,0,0.0
302,B,UK,7,7.5,0,0.0
303,B,UK,9,19.03,0,0.0
304,B,DE,1,25.08,0,0.0
305,A,US,11,7.49,0,0.0
306,A,DE,2,14.11,0,0.0
307,A,UK,9,11.43,0,0.0
308,A,US,1,39.86,1,29.79
309,A,US,12,52.96,0,0.0
310,A,US,11,31.2,0,0.0
311,B,UK,6,48.0,0,0.0
312,A,US,11,1.46,0,0.0
313,A,US,4,27.01,0,0.0
314,B,DE,3,73.25,0,0.0
315,A,UK,13,80.9,1,46.03
316,A,UK,13,14.23,0,0.0
317,A,UK,11,27.2,1,15.28
318,B,DE,14,68.92,0,0.0
319,A,US,1,19.65,1,22.79
320,B,UK,7,91.51,0,0.0
321,B,US,3,24.76,0,0.0
322,B,US,3,19.69,0,0.0
323,A,DE,5,6.62,0,0.0
324,B,DE,11,35.32,0,0.0
325,A,DE,4,29.82,0,0.0
326,A,DE,12,40.92,0,0.0
327,A,US,2,26.47,0,0.0
328,B,US,2,69.46,1,51.31
329,B,DE,9,24.02,0,0.0
330,A,UK,8,35.16,0,0.0
331,A,US,3,58.95,1,34.49
332,A,US,2,35.84,0,0.0
333,B,US,5,8.88,0,0.0
334,A,DE,3,11.39,0,0.0
335,B,US,13,4.5,1,7.95
336,A,UK,5,13.94,0,0.0
337,B,UK,2,115.05,0,0.0
338,B,UK,11,20.76,0,0.0
339,B,US,13,28.01,0,0.0
340,B,US,3,65.95,0,0.0
341,B,US,1,15.27,1,13.64
342,A,US,10,13.68,0,0.0
343,B,US,1,91.77,0,0.0
344,B,UK,7,65.01,0,0.0
345,A,DE,1,55.56,0,0.0
346,A,US,1,5.07,0,0.0
347,A,US,5,23.54,0,0.0
348,A,US,14,9.54,1,12.81
349,A,US,10,14.17,0,0.0
350,B,DE,11,18.13,0,0.0
351,B,US,11,8.53,0,0.0
352,B,UK,1,53.75,0,0.0
353,A,US,11,25.7,0,0.0
354,A,UK,6,3.32,0,0.0
355,A,US,9,15.8,1,17.23
356,B,US,4,26.42,0,0.0
357,B,UK,4,72.86,0,0.0
358,A,UK,11,18.04,0,0.0
359,A,US,4,33.74,0,0.0
360,B,US,7,6.08,0,0.0
361,A,UK,9,21.73,0,0.0
362,A,US,14,64.82,0,0.0
363,B,US,2,42.58,0,0.0
364,A,UK,7,36.48,0,0.0
365,B,US,14,44.3,0,0.0
366,A,DE,6,9.6,0,0.0
367,B,UK,3,8.38,0,0.0
368,B,US,12,13.09,0,0.0
369,B,US,9,32.29,0,0.0
370,A,DE,11,110.43,1,70.77
371,B,US,5,20.4,0,0.0
372,A,US,9,23.99,0,0.0
373,B,UK,12,55.64,0,0.0
374,B,US,6,28.63,0,0.0
375,B,UK,2,26.34,0,0.0
376,A,US,9,73.2,0,0.0
377,B,DE,5,13.5,0,0.0
378,A,UK,4,9.73,0,0.0
379,B,US,1,12.69,0,0.0
380,A,DE,2,25.33,0,0.0
381,A,UK,1,35.01,1,26.09
382,A,US,10,46.11,0,0.0
383,B,DE,9,8.49,0,0.0
384,B,US,13,5.27,0,0.0
385,B,UK,1,18.85,0,0.0
386,B,DE,9,55.23,0,0.0
387,B,US,12,15.19,0,0.0
388,B,UK,8,14.96,0,0.0
389,A,UK,3,53.65,0,0.0
390,A,UK,6,10.83,0,0.0
391,B,UK,11,41.31,0,0.0
392,B,US,14,54.93,0,0.0
393,B,US,10,20.31,0,0.0
394,A,DE,14,33.12,0,0.0
395,B,US,3,17.84,0,0.0
396,A,DE,9,49.14,1,36.23
397,A,US,10,7.05,0,0.0
398,A,UK,8,5.25,0,0.0
399,B,DE,13,7.99,0,0.0
400,A,UK,5,49.87,0,0.0
401,A,US,9,7.77,0,0.0
402,B,US,14,17.87,0,0.0
403,B,DE,5,8.21,0,0.0
404,A,US,5,11.61,0,0.0
405,A,UK,14,37.58,0,0.0
406,B,US,10,64.05,0,0.0
407,A,US,2,40.05,0,0.0
408,B,US,12,8.51,0,0.0
409,B,UK,5,39.15,0,0.0
410,A,UK,10,19.7,0,0.0
411,B,US,1,14.5,0,0.0
412,A,US,12,,1,10.94
413,B,US,5,40.35,0,0.0
414,A,DE,10,33.11,0,0.0
415,B,US,3,9.8,0,0.0
416,B,UK,5,82.88,0,0.0
417,A,US,2,28.22,0,0.0
418,A,UK,13,33.1,0,0.0
419,A,US,2,4.45,1,4.31
420,A,US,4,19.13,0,0.0
421,A,US,9,8.49,0,0.0
422,A,US,9,29.52,1,18.63
423,B,UK,8,9.07,0,0.0
424,B,US,14,9.99,1,8.29
425,A,UK,3,87.86,0,0.0
426,A,US,14,21.73,0,0.0
427,B,UK,7,9.45,0,0.0
428,A,UK,13,20.0,1,19.51
429,A,US,13,49.39,0,0.0
430,B,US,4,44.71,0,0.0
431,B,US,3,38.92,1,28.97
432,B,US,4,121.11,0,0.0
433,A,DE,9,13.26,0,0.0
434,A,US,10,23.74,0,0.0
435,A,US,7,2.79,0,0.0
436,B,US,6,17.91,0,0.0
437,A,US,9,37.4,0,0.0
438,A,UK,6,65.91,0,0.0
439,B,UK,3,56.86,0,0.0
440,A,UK,9,30.52,0,0.0
441,B,UK,6,28.09,1,21.61
442,A,US,8,13.22,0,0.0
443,A,UK,13,40.82,0,0.0
444,B,US,8,47.27,0,0.0
445,B,US,7,8.98,1,5.93
446,A,US,11,55.01,1,35.82
447,B,UK,9,48.72,1,34.06
448,B,US,5,8.66,0,0.0
449,A,US,3,33.31,0,0.0
450,A,DE,1,61.92,0,0.0
451,B,US,12,3.0,0,0.0
452,B,US,10,23.7,0,0.0
453,B,US,2,24.66,0,0.0
454,A,UK,5,48.76,0,0.0
455,A,US,14,7.82,0,0.0
456,A,US,7,18.62,0,0.0
457,A,US,11,30.93,0,0.0
458,B,DE,11,15.83,0,0.0
459,B,UK,5,4.49,0,0.0
460,A,US,4,12.67,0,0.0
461,B,UK,7,47.77,0,0.0
462,B,US,4,6.59,0,0.0
463,A,DE,4,46.32,0,0.0
464,B,US,5,8.33,0,0.0
465,A,US,13,25.96,1,18.01
466,B,UK,14,22.47,0,0.0
467,A,US,1,28.46,0,0.0
468,A,UK,9,34.4,0,0.0
469,A,DE,12,26.5,1,23.62
470,B,US,12,61.38,0,0.0
471,A,US,7,10.68,0,0.0
472,B,US,1,23.55,0,0.0
473,B,US,9,28.61,0,0.0
474,B,US,4,18.92,0,0.0
475,B,DE,6,50.07,0,0.0
476,A,US,12,41.44,0,0.0
477,B,US,6,94.7,0,0.0
478,A,US,3,13.42,0,0.0
479,A,US,5,59.63,0,0.0
480,B,UK,5,20.55,0,0.0
481,B,DE,8,49.57,0,0.0
482,B,US,12,47.37,0,0.0
483,B,US,9,34.69,0,0.0
484,A,UK,8,14.97,0,0.0
485,A,US,3,85.96,0,0.0
486,B,UK,10,25.39,0,0.0
487,B,UK,11,11.88,0,0.0
488,A,US,11,29.74,0,0.0
489,A,US,10,23.3,0,0.0
490,B,US,7,31.26,0,0.0
491,B,US,11,35.49,0,0.0
492,A,US,13,46.77,0,0.0
493,A,UK,5,18.96,1,15.42
494,A,US,3,39.87,0,0.0
495,A,DE,9,24.77,0,0.0
496,A,DE,9,11.36,1,10.27
497,B,UK,5,6.09,1,12.78
498,A,US,4,67.22,0,0.0
499,B,US,14,30.35,0,0.0
500,B,UK,11,13.44,0,0.0
501,A,US,2,25.34,0,0.0
502,B,UK,5,23.57,1,13.5
503,B,US,4,60.92,0,0.0
504,B,US,11,31.63,1,15.93
505,B,UK,3,12.47,0,0.0
506,A,DE,9,13.76,0,0.0
507,B,UK,4,23.41,1,23.06
508,B,US,6,27.14,1,21.25
509,B,DE,14,9.68,0,0.0
510,A,DE,3,25.63,0,0.0
511,A,US,5,23.16,1,16.49
512,B,DE,12,24.09,0,0.0
513,B,US,11,30.78,0,0.0
514,B,UK,4,9.19,0,0.0
515,A,DE,8,94.12,1,58.54
516,A,UK,12,20.91,0,0.0
517,B,DE,11,52.76,0,0.0
518,A,DE,2,28.95,1,12.29
519,B,US,1,10.16,0,0.0
520,A,US,12,15.99,0,0.0
521,A,UK,12,25.13,0,0.0
522,B,US,11,14.83,1,9.45
523,A,US,9,1.47,0,0.0
524,B,US,13,71.69,0,0.0
525,A,UK,3,64.97,0,0.0
526,B,US,4,65.76,0,0.0
527,B,US,4,25.09,0,0.0
528,A,US,14,32.04,0,0.0
529,B,US,1,32.95,0,0.0
530,A,US,5,15.8,0,0.0
531,A,UK,9,46.28,0,0.0
532,A,US,2,43.1,0,0.0
533,B,US,3,12.46,0,0.0
534,B,DE,3,26.21,0,0.0
535,B,DE,5,31.62,0,0.0
536,A,DE,10,75.01,0,0.0
537,A,US,6,2.16,0,0.0
538,A,US,3,42.86,0,0.0
539,A,US,7,8.46,0,0.0
540,A,DE,11,51.96,0,0.0
541,A,UK,3,11.56,0,0.0
542,B,UK,10,39.67,0,0.0
543,B,US,8,17.59,0,0.0
544,B,US,10,14.81,0,0.0
545,A,US,4,65.26,0,0.0
546,B,US,9,64.36,0,0.0
547,A,US,4,27.38,0,0.0
548,B,UK,2,20.27,0,0.0
549,B,UK,6,8.83,0,0.0
550,A,US,5,18.45,0,0.0
551,B,DE,11,43.13,1,33.01
552,A,DE,10,15.46,0,0.0
553,B,UK,6,14.75,0,0.0
554,A,US,2,17.54,0,0.0
555,B,US,7,53.8,0,0.0
556,B,UK,1,32.04,0,0.0
557,A,US,12,13.68,0,0.0
558,B,US,5,,0,0.0
559,A,US,3,40.04,0,0.0
560,A,US,13,90.49,1,61.23
561,A,UK,13,66.24,0,0.0
562,A,DE,4,75.43,0,0.0
563,A,DE,10,1.01,0,0.0
564,B,US,1,37.61,0,0.0
565,B,US,1,23.85,0,0.0
566,B,US,5,26.89,0,0.0
567,A,UK,7,30.01,0,0.0
568,A,US,10,13.81,1,16.85
569,A,UK,12,25.37,0,0.0
570,A,US,7,6.36,0,0.0
571,A,DE,7,55.47,0,0.0
572,A,US,8,34.34,0,0.0
573,A,UK,1,13.99,0,0.0
574,A,US,5,4.22,0,0.0
575,A,UK,14,10.98,0,0.0
576,A,US,12,45.29,0,0.0
577,B,DE,14,29.71,0,0.0
578,B,US,1,14.54,1,12.52
579,A,US,13,15.04,0,0.0
580,B,DE,8,39.1,0,0.0
581,B,US,6,21.91,1,19.91
582,A,UK,8,67.94,0,0.0
583,B,US,8,52.51,0,0.0
584,B,DE,3,3.53,0,0.0
585,B,UK,13,29.41,1,19.72
586,A,US,7,22.23,0,0.0
587,B,US,7,24.52,0,0.0
588,A,US,13,15.09,0,0.0
589,A,UK,10,10.08,0,0.0
590,A,DE,14,54.8,0,0.0
591,B,UK,11,6.31,0,0.0
592,A,US,5,48.86,0,0.0
593,A,UK,8,19.61,0,0.0
594,A,US,13,80.06,0,0.0
595,B,US,8,80.09,0,0.0
596,B,US,11,39.3,0,0.0
597,A,US,11,28.84,0,0.0
598,B,US,8,37.56,0,0.0
599,B,US,10,8.77,0,0.0
600,A,UK,8,66.4,0,0.0
601,B,US,9,6.15,0,0.0
602,A,US,12,26.15,0,0.0
603,B,UK,6,18.31,0,0.0
604,A,US,14,28.96,0,0.0
605,B,UK,10,20.57,0,0.0
606,A,UK,7,8.77,0,0.0
607,A,DE,6,23.11,0,0.0
608,A,US,1,23.2,0,0.0
609,B,US,13,31.11,0,0.0
610,B,DE,10,8.15,0,0.0
611,B,US,11,50.41,0,0.0
612,A,US,1,14.04,0,0.0
613,B,UK,2,16.89,1,9.28
614,A,UK,2,36.89,0,0.0
615,A,US,3,23.23,0,0.0
616,B,US,13,32.65,1,26.58
617,A,DE,12,30.55,0,0.0
618,A,UK,3,31.22,0,0.0
619,A,UK,3,101.11,0,0.0
620,B,US,9,30.5,0,0.0
621,B,UK,9,27.23,0,0.0
622,A,US,9,31.96,0,0.0
623,A,US,13,11.91,1,13.05
624,B,UK,4,13.77,0,0.0
625,A,US,11,87.98,0,0.0
626,A,US,2,33.2,0,0.0
627,A,US,12,8.76,0,0.0
628,A,DE,13,67.51,0,0.0
629,A,US,3,41.32,0,0.0
630,B,US,8,12.06,0,0.0
631,A,US,9,6.07,1,12.15
632,A,US,6,32.18,0,0.0
633,A,US,9,,0,0.0
634,B,US,9,17.67,1,17.43
635,A,US,12,25.96,0,0.0
636,B,US,6,6.6,0,0.0
637,A,US,1,7.65,0,0.0
638,B,US,4,35.58,0,0.0
639,A,US,8,30.22,0,0.0
640,A,US,11,77.6,0,0.0
641,B,US,3,25.97,0,0.0
642,A,UK,6,35.67,0,0.0
643,B,DE,12,39.18,0,0.0
644,A,UK,3,49.28,0,0.0
645,B,DE,13,24.34,0,0.0
646,A,DE,10,61.62,0,0.0
647,A,DE,1,9.97,0,0.0
648,B,US,6,41.39,0,0.0
649,A,US,3,8.18,0,0.0
650,A,US,13,10.73,0,0.0
651,A,US,2,25.68,0,0.0
652,B,US,11,61.08,0,0.0
653,B,DE,5,25.52,0,0.0
654,A,US,11,41.1,1,25.73
655,B,US,9,9.63,0,0.0
656,B,US,10,33.81,0,0.0
657,B,US,9,27.82,0,0.0
658,A,DE,3,22.95,1,14.93
659,B,UK,9,7.09,1,13.49
660,A,DE,8,16.18,0,0.0
661,A,US,7,36.24,0,0.0
662,B,DE,2,30.55,0,0.0
663,B,US,7,36.24,0,0.0
664,A,DE,5,6.11,0,0.0
665,B,US,11,23.15,0,0.0
666,B,UK,9,54.01,0,0.0
667,A,US,10,28.09,0,0.0
668,B,US,3,5.23,0,0.0
669,A,UK,13,36.83,0,0.0
670,A,US,9,42.04,0,0.0
671,A,UK,5,41.25,1,24.85
672,A,DE,4,23.6,0,0.0
673,B,UK,5,34.82,0,0.0
674,A,DE,7,27.78,1,17.13
675,A,DE,2,22.9,0,0.0
676,A,US,3,42.24,0,0.0
677,B,US,11,74.44,0,0.0
678,A,US,10,14.94,0,0.0
679,A,DE,13,30.42,0,0.0
680,B,UK,5,17.66,0,0.0
681,A,US,10,49.7,1,31.1
682,B,UK,12,103.15,0,0.0
683,B,UK,11,19.85,0,0.0
684,B,UK,14,6.18,0,0.0
685,B,DE,12,27.77,0,0.0
686,A,UK,1,7.4,0,0.0
687,A,US,7,82.77,0,0.0
688,A,UK,8,39.89,0,0.0
689,B,US,2,68.98,0,0.0
690,B,UK,13,17.52,0,0.0
691,A,US,14,20.99,0,0.0
692,B,DE,11,32.07,0,0.0
693,B,DE,5,48.3,1,35.16
694,A,US,5,39.64,0,0.0
695,A,US,7,2.76,0,0.0
696,B,US,12,42.74,0,0.0
697,A,US,14,27.61,0,0.0
698,A,US,1,13.25,0,0.0
699,B,US,4,28.8,0,0.0
700,A,DE,6,25.6,0,0.0
701,A,US,13,41.64,0,0.0
702,A,US,4,15.56,1,10.48
703,B,US,4,36.03,0,0.0
704,A,UK,14,19.71,1,17.49
705,A,US,5,19.92,0,0.0
706,A,US,4,7.81,0,0.0
707,A,UK,2,17.81,0,0.0
708,B,US,3,6.65,0,0.0
709,A,UK,9,8.13,0,0.0
710,B,US,5,30.86,0,0.0
711,B,UK,11,40.03,0,0.0
712,A,UK,6,31.56,0,0.0
713,A,UK,3,15.04,0,0.0
714,B,DE,6,29.52,0,0.0
715,A,US,9,16.35,0,0.0
716,A,US,4,28.84,0,0.0
717,A,DE,14,21.66,0,0.0
718,A,UK,1,6.59,0,0.0
719,B,US,11,42.66,0,0.0
720,B,UK,14,40.76,0,0.0
721,B,US,8,12.31,1,7.53
722,B,US,10,8.89,0,0.0
723,B,US,11,33.05,0,0.0
724,A,DE,14,15.25,0,0.0
725,B,UK,2,23.04,0,0.0
726,A,DE,4,30.01,0,0.0
727,B,US,6,19.8,0,0.0
728,A,DE,11,24.46,0,0.0
729,A,US,11,21.49,0,0.0
730,A,US,3,17.81,0,0.0
731,A,US,6,11.65,0,0.0
732,B,US,13,50.7,0,0.0
733,A,UK,4,54.66,0,0.0
734,B,US,14,11.27,0,0.0
735,A,UK,1,29.29,0,0.0
736,B,UK,14,11.85,0,0.0
737,B,DE,13,1.02,0,0.0
738,A,UK,14,16.83,0,0.0
739,A,US,13,37.02,0,0.0
740,B,DE,8,20.08,0,0.0
741,B,US,12,55.64,0,0.0
742,B,US,6,20.65,0,0.0
743,A,UK,13,15.31,1,10.51
744,B,US,14,10.35,0,0.0
745,B,US,13,43.23,0,0.0
746,A,US,7,17.92,0,0.0
747,B,US,13,20.8,0,0.0
748,A,UK,6,45.16,1,26.53
749,B,UK,4,38.97,0,0.0
750,B,US,9,69.22,0,0.0
751,A,DE,13,35.24,0,0.0
752,A,US,13,30.23,0,0.0
753,B,US,14,20.64,1,17.48
754,B,DE,5,47.74,0,0.0
755,B,US,3,14.13,0,0.0
756,A,US,10,14.41,0,0.0
757,A,UK,6,23.34,0,0.0
758,B,US,14,78.16,0,0.0
759,B,UK,13,20.24,0,0.0
760,B,DE,13,36.17,0,0.0
761,A,US,8,20.03,0,0.0
762,B,UK,4,33.95,0,0.0
763,A,US,2,34.57,0,0.0
764,A,US,12,19.96,0,0.0
765,B,US,6,26.41,1,19.68
766,A,US,1,13.02,0,0.0
767,A,US,14,31.08,0,0.0
768,A,UK,5,18.36,0,0.0
769,B,UK,6,54.34,0,0.0
770,A,UK,11,44.9,0,0.0
771,A,US,2,47.64,1,36.53
772,A,DE,9,11.08,0,0.0
773,A,US,12,16.35,0,0.0
774,B,US,10,38.22,0,0.0
775,A,US,12,13.76,0,0.0
776,B,UK,4,63.05,0,0.0
777,B,US,5,18.32,0,0.0
778,B,US,10,66.91,0,0.0
779,B,UK,5,12.01,1,14.31
780,A,DE,6,35.76,1,19.74
781,B,DE,2,26.73,1,21.41
782,B,UK,5,2.4,0,0.0
783,B,US,10,11.37,0,0.0
784,B,DE,12,10.24,0,0.0
785,B,US,6,8.69,0,0.0
786,B,UK,12,37.51,0,0.0
787,B,UK,12,45.63,0,0.0
788,B,US,9,22.96,0,0.0
789,B,US,6,5.32,0,0.0
790,A,DE,13,31.52,0,0.0
791,B,US,3,16.11,1,16.4
792,B,US,8,65.79,0,0.0
793,A,US,3,32.32,0,0.0
794,B,UK,6,35.85,0,0.0
795,B,UK,7,71.56,0,0.0
796,B,US,13,32.05,0,0.0
797,B,UK,12,73.95,0,0.0
798,B,DE,8,22.68,0,0.0
799,A,US,8,44.67,0,0.0
800,A,DE,2,27.07,0,0.0
801,A,US,3,25.67,0,0.0
802,B,UK,5,10.96,0,0.0
803,B,US,4,6.82,0,0.0
804,B,US,4,25.38,0,0.0
805,A,UK,1,28.85,0,0.0
806,B,US,10,21.47,0,0.0
807,B,DE,2,39.98,0,0.0
808,B,US,11,23.95,0,0.0
809,B,US,12,58.74,0,0.0
810,A,DE,5,9.46,0,0.0
811,B,DE,9,51.2,0,0.0
812,A,US,3,9.0,0,0.0
813,A,UK,4,11.04,0,0.0
814,A,UK,2,8.3,0,0.0
815,B,DE,4,50.22,0,0.0
816,B,UK,8,19.13,0,0.0
817,B,US,7,11.13,1,10.7
818,A,DE,10,5.22,0,0.0
819,B,DE,4,13.53,0,0.0
820,A,US,14,3.67,0,0.0
821,B,US,3,15.87,0,0.0
822,B,UK,10,25.59,0,0.0
823,A,US,4,30.53,1,21.1
824,B,US,11,33.32,0,0.0
825,A,US,8,18.16,0,0.0
826,B,UK,1,79.65,1,56.41
827,B,UK,14,51.74,0,0.0
828,A,US,9,13.59,0,0.0
829,A,US,12,17.79,0,0.0
830,A,DE,3,3.48,0,0.0
831,A,US,12,17.04,0,0.0
832,A,US,7,41.0,0,0.0
833,B,UK,11,41.71,0,0.0
834,B,US,6,37.66,0,0.0
835,A,DE,5,35.76,0,0.0
836,A,US,4,17.39,0,0.0
837,A,UK,2,25.16,0,0.0
838,A,DE,9,10.86,0,0.0
839,B,UK,14,78.07,0,0.0
840,B,US,13,4.04,0,0.0
841,A,UK,3,36.97,0,0.0
842,B,US,2,144.86,1,92.89
843,B,US,11,29.89,1,24.83
844,A,DE,13,10.3,0,0.0
845,A,US,12,6.14,0,0.0
846,A,UK,3,16.32,0,0.0
847,A,DE,9,,0,0.0
848,A,UK,14,43.31,0,0.0
849,B,US,1,5.77,0,0.0
850,B,DE,10,14.4,0,0.0
851,A,US,3,23.77,0,0.0
852,B,DE,12,17.29,0,0.0
853,A,US,3,43.7,0,0.0
854,B,DE,2,41.09,0,0.0
855,B,US,6,16.2,0,0.0
856,B,DE,4,,0,0.0
857,A,US,12,7.98,0,0.0
858,B,DE,6,39.11,0,0.0
859,B,US,9,18.13,0,0.0
860,A,UK,13,43.08,0,0.0
861,B,US,7,20.69,1,18.39
862,B,US,11,5.01,0,0.0
863,B,UK,10,8.45,0,0.0
864,B,UK,10,39.67,0,0.0
865,B,US,14,68.58,0,0.0
866,A,US,11,43.96,0,0.0
867,B,UK,12,24.59,0,0.0
868,A,DE,3,5.82,0,0.0
869,B,US,6,1.97,1,-2.83
870,A,UK,11,22.86,0,0.0
871,B,US,9,18.48,0,0.0
872,B,UK,5,48.92,0,0.0
873,A,US,11,39.94,1,29.51
874,A,UK,11,32.74,0,0.0
875,A,US,3,33.22,1,26.34
876,A,US,7,33.89,0,0.0
877,B,UK,10,13.42,0,0.0
878,B,US,9,82.47,0,0.0
879,A,US,5,31.77,0,0.0
880,B,US,7,36.52,0,0.0
881,B,US,8,5.0,0,0.0
882,A,US,9,65.9,0,0.0
883,A,UK,6,13.38,1,5.83
884,A,US,3,24.65,1,16.87
885,A,UK,14,31.37,0,0.0
886,B,US,7,7.25,0,0.0
887,A,US,14,18.61,0,0.0
888,B,UK,7,13.5,1,11.8
889,A,US,4,8.39,0,0.0
890,B,US,6,17.68,0,0.0
891,B,DE,13,93.01,0,0.0
892,A,US,10,32.3,0,0.0
893,B,UK,10,18.25,0,0.0
894,B,UK,5,16.94,0,0.0
895,B,US,14,26.75,0,0.0
896,A,US,11,14.75,0,0.0
897,A,US,1,21.0,0,0.0
898,A,DE,10,32.64,0,0.0
899,A,DE,6,15.59,0,0.0
900,A,US,9,10.07,0,0.0
901,A,US,7,47.55,0,0.0
902,B,UK,8,48.35,0,0.0
903,A,UK,13,16.99,0,0.0
904,B,UK,11,43.6,0,0.0
905,A,UK,1,4.53,0,0.0
906,B,DE,5,26.64,0,0.0
907,B,UK,10,45.85,0,0.0
908,B,US,11,34.44,0,0.0
909,A,UK,11,50.14,0,0.0
910,B,US,2,15.28,0,0.0
911,A,UK,7,20.96,0,0.0
912,B,US,5,66.46,0,0.0
913,A,UK,1,10.81,1,3.25
914,B,US,5,29.57,0,0.0
915,A,US,9,23.96,0,0.0
916,A,US,11,11.54,0,0.0
917,A,UK,5,6.3,0,0.0
918,A,US,11,53.06,0,0.0
919,A,DE,10,58.45,0,0.0
920,B,DE,9,97.32,0,0.0
921,A,US,11,6.5,0,0.0
922,A,US,10,31.8,0,0.0
923,A,DE,11,56.46,1,36.38
924,B,US,9,19.18,0,0.0
925,A,DE,14,18.09,0,0.0
926,B,US,9,25.74,0,0.0
927,A,US,6,28.85,0,0.0
928,B,DE,12,10.02,0,0.0
929,B,UK,9,,0,0.0
930,A,DE,10,10.05,0,0.0
931,B,US,13,105.26,0,0.0
932,A,US,14,11.32,1,9.43
933,B,US,11,56.2,0,0.0
934,A,US,10,36.65,0,0.0
935,A,UK,8,34.27,0,0.0
936,B,US,14,12.08,1,16.41
937,A,US,4,32.64,0,0.0
938,B,US,6,32.34,0,0.0
939,A,DE,2,64.79,0,0.0
940,B,US,2,11.57,0,0.0
941,A,US,1,30.59,0,0.0
942,A,US,14,30.58,0,0.0
943,B,DE,1,,1,16.75
944,B,UK,10,14.96,0,0.0
945,B,UK,9,8.53,0,0.0
946,A,DE,7,5.44,0,0.0
947,B,US,13,23.12,0,0.0
948,A,US,8,30.65,0,0.0
949,B,US,5,24.32,0,0.0
950,B,US,10,15.0,1,14.97
951,A,DE,2,42.35,0,0.0
952,A,US,6,11.64,0,0.0
953,B,US,2,101.47,0,0.0
954,B,UK,14,5.38,1,5.09
955,B,UK,5,36.88,0,0.0
956,B,DE,1,44.58,0,0.0
957,A,US,2,5.19,0,0.0
958,A,DE,3,20.45,0,0.0
959,A,US,5,12.97,0,0.0
960,A,UK,5,34.82,0,0.0
961,B,UK,6,36.39,0,0.0
962,B,UK,4,13.94,0,0.0
963,A,UK,11,50.58,0,0.0
964,A,US,2,60.76,0,0.0
965,B,US,4,25.8,0,0.0
966,A,UK,7,40.6,0,0.0
967,B,US,4,6.61,0,0.0
968,B,US,13,26.35,0,0.0
969,B,US,9,15.41,1,12.57
970,B,US,1,14.31,0,0.0
971,A,UK,3,13.84,0,0.0
972,B,US,2,1.7,0,0.0
973,A,US,12,23.05,0,0.0
974,B,DE,10,13.74,0,0.0
975,B,US,13,50.39,0,0.0
976,B,UK,6,138.75,0,0.0
977,B,UK,3,4.7,0,0.0
978,B,DE,8,33.46,0,0.0
979,B,DE,8,6.64,0,0.0
980,B,DE,10,16.68,0,0.0
981,B,DE,2,23.12,0,0.0
982,B,US,2,25.31,0,0.0
983,B,US,8,26.65,0,0.0
984,B,UK,13,13.34,0,0.0
985,A,UK,2,11.61,0,0.0
986,A,UK,8,4.49,0,0.0
987,B,UK,14,25.22,0,0.0
988,B,UK,11,20.07,0,0.0
989,A,US,9,59.8,0,0.0
990,B,US,9,43.56,0,0.0
991,B,US,2,43.29,0,0.0
992,B,US,14,22.99,0,0.0
993,B,US,3,16.1,0,0.0
994,B,DE,11,27.68,0,0.0
995,B,US,4,12.72,0,0.0
996,A,UK,3,62.89,0,0.0
997,A,US,3,22.57,0,0.0
998,B,US,14,16.02,0,0.0
999,B,UK,3,43.03,0,0.0
1000,B,US,13,20.19,0,0.0
1001,B,US,14,18.17,0,0.0
1002,B,US,1,21.91,1,19.64
1003,B,DE,8,5.37,0,0.0
1004,A,UK,4,35.38,0,0.0
1005,B,UK,5,24.18,0,0.0
1006,A,DE,3,72.15,0,0.0
1007,A,US,8,15.09,0,0.0
1008,A,UK,1,8.52,0,0.0
1009,A,US,10,47.88,0,0.0
1010,B,UK,4,37.27,0,0.0
1011,A,UK,11,6.41,0,0.0
1012,A,UK,9,32.77,0,0.0
1013,B,DE,6,39.99,0,0.0
1014,A,US,8,20.63,0,0.0
1015,B,DE,5,22.88,0,0.0
1016,A,UK,12,33.11,0,0.0
1017,A,UK,3,15.98,0,0.0
1018,B,US,11,6.01,0,0.0
1019,B,DE,8,23.04,0,0.0
1020,B,UK,9,6.3,0,0.0
1021,A,UK,5,17.13,0,0.0
1022,A,US,11,24.21,0,0.0
1023,B,UK,1,17.29,1,16.01
1024,B,DE,10,12.29,0,0.0
1025,A,DE,11,40.47,0,0.0
1026,B,US,3,5.1,0,0.0
1027,A,US,13,11.7,0,0.0
1028,B,UK,5,20.35,0,0.0
1029,A,DE,13,6.68,1,10.33
1030,B,US,9,18.14,1,18.25
1031,B,US,14,12.27,1,15.27
1032,B,DE,13,87.63,1,57.98
1033,A,UK,11,59.5,0,0.0
1034,A,US,8,58.73,0,0.0
1035,A,US,10,38.73,0,0.0
1036,A,DE,4,13.77,0,0.0
1037,A,US,1,22.82,0,0.0
1038,A,UK,9,57.24,0,0.0
1039,B,US,14,17.34,0,0.0
1040,A,US,13,16.62,0,0.0
1041,B,DE,6,6.19,0,0.0
1042,B,US,3,17.85,0,0.0
1043,A,UK,7,50.21,1,33.02
1044,A,US,3,10.17,0,0.0
1045,A,US,2,31.19,0,0.0
1046,A,UK,12,59.34,1,37.37
1047,B,UK,10,38.94,0,0.0
1048,B,US,10,31.76,0,0.0
1049,A,UK,4,27.01,0,0.0
1050,B,UK,3,19.69,0,0.0
1051,A,UK,5,24.13,0,0.0
1052,B,UK,14,29.49,0,0.0
1053,B,US,2,18.64,0,0.0
1054,A,UK,2,3.51,0,0.0
1055,B,DE,9,19.86,0,0.0
1056,B,UK,3,27.22,0,0.0
1057,A,US,12,27.16,0,0.0
1058,B,US,12,68.72,0,0.0
1059,B,US,13,11.62,0,0.0
1060,B,UK,8,56.72,0,0.0
1061,B,DE,14,18.95,0,0.0
1062,B,UK,11,70.37,0,0.0
1063,A,US,12,5.79,0,0.0
1064,A,UK,2,9.88,0,0.0
1065,A,US,13,15.61,0,0.0
1066,A,UK,7,23.42,0,0.0
1067,B,US,5,27.44,0,0.0
1068,B,DE,1,67.14,0,0.0
1069,B,DE,13,21.18,0,0.0
1070,B,UK,14,7.06,0,0.0
1071,A,US,7,17.88,0,0.0
1072,A,DE,6,4.68,0,0.0
1073,B,US,1,,0,0.0
1074,A,US,8,62.75,0,0.0
1075,B,US,3,23.89,0,0.0
1076,A,UK,1,25.36,0,0.0
1077,A,US,3,7.22,0,0.0
1078,B,UK,6,42.7,0,0.0
1079,A,US,7,9.96,0,0.0
1080,A,DE,13,59.05,0,0.0
1081,B,UK,9,8.9,0,0.0
1082,B,DE,7,24.3,0,0.0
1083,B,US,6,48.01,0,0.0
1084,A,UK,4,63.83,0,0.0
1085,A,UK,2,47.48,0,0.0
1086,B,UK,1,7.22,0,0.0
1087,B,US,4,19.18,0,0.0
1088,A,UK,9,40.5,0,0.0
1089,A,DE,3,7.02,0,0.0
1090,B,US,1,41.4,1,29.31
1091,B,US,5,24.51,1,18.87
1092,B,UK,4,21.34,0,0.0
1093,B,US,6,21.33,0,0.0
1094,B,US,13,20.9,0,0.0
1095,A,US,8,30.08,1,18.14
1096,B,UK,9,78.81,1,56.02
1097,B,US,9,58.31,0,0.0
1098,B,US,7,8.21,0,0.0
1099,B,US,10,16.33,0,0.0
1100,A,DE,13,47.17,0,0.0
1101,A,UK,9,8.76,0,0.0
1102,B,US,7,13.88,1,17.41
1103,A,US,14,9.94,0,0.0
1104,B,US,13,37.47,0,0.0
1105,B,DE,5,,1,21.6
1106,A,US,7,8.56,0,0.0
1107,B,US,11,9.52,0,0.0
1108,B,US,13,28.44,0,0.0
1109,B,UK,1,34.53,0,0.0
1110,A,UK,11,21.44,0,0.0
1111,A,US,2,13.14,0,0.0
1112,B,UK,2,31.51,0,0.0
1113,B,US,4,47.19,0,0.0
1114,A,US,7,15.94,0,0.0
1115,B,UK,14,29.55,1,16.57
1116,A,DE,6,16.35,0,0.0
1117,B,UK,12,19.34,0,0.0
1118,A,UK,1,13.61,0,0.0
1119,B,DE,5,25.39,0,0.0
1120,B,UK,5,52.32,0,0.0
1121,B,DE,4,36.01,0,0.0
1122,A,UK,13,4.89,0,0.0
1123,A,DE,11,6.12,0,0.0
1124,A,US,10,2.78,0,0.0
1125,B,US,3,22.39,0,0.0
1126,B,US,11,7.31,0,0.0
1127,A,UK,1,22.54,0,0.0
1128,B,US,1,18.62,0,0.0
1129,B,UK,8,15.74,0,0.0
1130,B,UK,12,30.93,0,0.0
1131,A,US,9,34.83,0,0.0
1132,A,US,9,38.46,0,0.0
1133,B,UK,2,26.13,0,0.0
1134,B,US,13,13.4,0,0.0
1135,A,UK,4,24.12,0,0.0
1136,B,US,7,23.47,0,0.0
1137,A,US,4,48.3,0,0.0
1138,A,US,3,14.93,0,0.0
1139,B,US,13,7.95,0,0.0
1140,A,US,9,19.87,0,0.0
1141,B,US,4,29.78,0,0.0
1142,B,UK,5,8.3,0,0.0
1143,A,US,13,28.63,0,0.0
1144,B,UK,5,23.19,0,0.0
1145,B,UK,4,58.72,0,0.0
1146,B,UK,10,77.27,0,0.0
1147,B,UK,12,41.04,0,0.0
1148,B,US,14,16.78,0,0.0
1149,B,DE,11,49.6,0,0.0
1150,A,UK,14,9.85,0,0.0
1151,B,US,1,45.56,0,0.0
1152,A,DE,7,4.96,0,0.0
1153,A,DE,1,29.08,0,0.0
1154,A,US,2,28.0,0,0.0
1155,A,UK,10,44.36,0,0.0
1156,A,UK,3,52.48,0,0.0
1157,B,DE,13,4.69,1,12.1
1158,A,US,2,32.57,0,0.0
1159,B,UK,1,22.86,0,0.0
1160,A,UK,11,36.19,0,0.0
1161,B,US,6,20.66,1,20.15
1162,B,US,12,16.96,0,0.0
1163,A,UK,10,25.59,0,0.0
1164,A,US,8,2.55,1,11.96
1165,A,UK,5,36.59,0,0.0
1166,A,UK,3,26.11,0,0.0
1167,A,DE,7,28.15,0,0.0
1168,A,DE,8,4.29,0,0.0
1169,B,US,2,32.83,0,0.0
1170,B,US,2,,0,0.0
1171,A,UK,1,12.07,0,0.0
1172,A,US,2,20.29,0,0.0
1173,B,DE,6,11.69,0,0.0
1174,A,DE,6,26.55,0,0.0
1175,B,UK,11,23.04,0,0.0
1176,B,DE,8,7.0,0,0.0
1177,B,US,1,61.53,0,0.0
1178,B,UK,12,14.97,1,19.59
1179,B,DE,6,45.85,0,0.0
1180,A,US,14,59.9,0,0.0
1181,B,DE,12,15.89,0,0.0
1182,B,US,7,17.84,1,9.54
1183,B,DE,11,49.75,0,0.0
1184,A,US,9,20.66,0,0.0
1185,B,UK,10,7.54,0,0.0
1186,B,UK,12,36.84,0,0.0
1187,A,DE,5,24.46,1,21.04
1188,B,US,13,45.8,0,0.0
1189,B,DE,5,37.39,0,0.0
1190,B,UK,3,28.76,0,0.0
1191,A,UK,9,9.12,0,0.0
1192,A,US,3,24.81,0,0.0
1193,B,US,13,20.14,1,19.11
1194,A,DE,5,3.46,0,0.0
1195,B,UK,2,7.26,0,0.0
1196,A,DE,9,67.7,0,0.0
1197,B,UK,2,80.41,0,0.0
1198,A,US,11,35.72,0,0.0
1199,A,US,5,36.39,1,19.86
1200,B,US,5,46.13,0,0.0
1201,B,US,2,20.55,0,0.0
1202,A,DE,14,17.79,0,0.0
1203,B,DE,1,52.22,0,0.0
1204,B,US,6,1.95,0,0.0
1205,B,US,11,37.49,0,0.0
1206,A,US,11,21.63,0,0.0
1207,A,UK,3,,0,0.0
1208,A,US,6,85.67,0,0.0
1209,B,US,7,45.16,0,0.0
1210,A,DE,7,42.75,1,24.27
1211,B,US,1,21.61,0,0.0
1212,A,US,6,12.16,0,0.0
1213,B,UK,10,39.02,0,0.0
1214,B,DE,2,26.57,0,0.0
1215,A,US,2,46.55,0,0.0
1216,B,US,2,44.83,0,0.0
1217,A,US,8,16.74,0,0.0
1218,B,US,14,7.11,0,0.0
1219,B,UK,6,41.07,0,0.0
1220,B,US,1,16.58,1,14.74
1221,B,US,3,60.73,0,0.0
1222,A,US,12,24.84,0,0.0
1223,B,UK,13,12.94,0,0.0
1224,B,UK,4,65.39,0,0.0
1225,B,US,9,29.18,0,0.0
1226,B,DE,14,18.98,0,0.0
1227,B,UK,8,15.14,0,0.0
1228,A,DE,10,28.33,0,0.0
1229,A,UK,2,24.68,0,0.0
1230,B,DE,11,20.93,0,0.0
1231,A,UK,1,7.79,0,0.0
1232,A,UK,14,19.6,0,0.0
1233,A,DE,4,33.74,0,0.0
1234,B,US,9,21.38,0,0.0
1235,A,UK,2,24.97,0,0.0
1236,B,UK,13,22.1,1,16.52
1237,B,US,7,64.01,0,0.0
1238,B,US,5,27.27,1,25.53
1239,B,UK,5,52.04,0,0.0
1240,A,UK,13,15.37,0,0.0
1241,A,DE,11,13.37,0,0.0
1242,A,DE,13,20.35,0,0.0
1243,A,US,12,36.68,0,0.0
1244,A,DE,14,15.89,0,0.0
1245,A,US,7,34.34,0,0.0
1246,B,US,8,20.42,0,0.0
1247,A,US,11,28.95,0,0.0
1248,A,DE,5,18.62,0,0.0
1249,B,UK,6,17.05,0,0.0
1250,A,US,1,9.73,0,0.0
1251,A,UK,3,18.39,0,0.0
1252,A,US,2,17.99,0,0.0
1253,A,DE,9,16.87,0,0.0
1254,B,DE,6,27.85,1,20.61
1255,A,UK,9,42.35,0,0.0
1256,A,US,11,48.47,0,0.0
1257,A,US,11,41.67,0,0.0
1258,B,US,13,51.78,1,38.69
1259,B,US,12,45.42,0,0.0
1260,A,US,8,62.22,1,33.45
1261,A,US,7,33.45,0,0.0
1262,B,US,13,8.86,1,7.58
1263,B,UK,3,43.46,0,0.0
1264,B,DE,9,97.29,0,0.0
1265,A,US,1,13.4,0,0.0
1266,A,US,1,47.44,0,0.0
1267,A,UK,12,39.68,0,0.0
1268,B,US,7,9.24,0,0.0
1269,A,US,9,9.1,1,7.12
1270,B,US,10,11.51,0,0.0
1271,A,US,9,46.58,0,0.0
1272,A,UK,14,31.1,0,0.0
1273,B,DE,2,15.81,0,0.0
1274,B,DE,11,41.51,0,0.0
1275,A,US,6,23.39,0,0.0
1276,A,US,11,38.94,0,0.0
1277,B,UK,5,29.56,0,0.0
1278,A,US,11,15.89,0,0.0
1279,A,UK,10,29.17,0,0.0
1280,B,UK,13,,0,0.0
1281,A,US,14,9.71,0,0.0
1282,A,US,13,116.36,1,71.8
1283,A,DE,14,26.67,0,0.0
1284,A,US,5,22.59,0,0.0
1285,A,US,9,1.34,0,0.0
1286,A,DE,4,13.75,0,0.0
1287,B,UK,2,44.8,1,25.5
1288,B,DE,5,39.32,0,0.0
1289,A,DE,5,11.97,0,0.0
1290,B,US,13,11.42,0,0.0
1291,A,DE,14,14.17,0,0.0
1292,A,US,3,34.92,0,0.0
1293,A,DE,14,50.41,0,0.0
1294,B,DE,2,7.27,1,1.89
1295,A,US,2,40.71,0,0.0
1296,A,US,13,21.95,0,0.0
1297,A,DE,6,15.65,0,0.0
1298,B,UK,1,66.54,0,0.0
1299,B,UK,3,14.88,0,0.0
1300,B,UK,13,35.29,0,0.0
1301,A,US,10,28.87,0,0.0
1302,A,US,13,31.92,0,0.0
1303,A,US,6,16.61,0,0.0
1304,A,US,6,80.49,0,0.0
1305,B,US,11,18.72,0,0.0
1306,A,UK,1,36.72,0,0.0
1307,A,US,14,10.24,1,0.69
1308,B,UK,13,21.45,0,0.0
1309,A,UK,1,32.15,0,0.0
1310,B,US,11,21.62,0,0.0
1311,A,DE,2,82.25,0,0.0
1312,B,US,13,2.53,0,0.0
1313,A,UK,3,12.69,0,0.0
1314,A,US,2,7.3,0,0.0
1315,A,UK,10,35.07,0,0.0
1316,B,UK,9,19.07,1,24.0
1317,B,DE,5,21.95,0,0.0
1318,B,US,10,5.42,0,0.0
1319,B,UK,2,60.25,0,0.0
1320,B,US,13,14.38,0,0.0
1321,B,UK,12,6.92,0,0.0
1322,B,US,13,18.34,1,14.11
1323,A,UK,9,83.69,0,0.0
1324,A,UK,9,39.77,0,0.0
1325,B,US,7,30.86,0,0.0
1326,B,UK,13,11.28,1,11.96
1327,A,US,13,11.51,0,0.0
1328,A,US,5,25.18,0,0.0
1329,B,US,11,13.83,0,0.0
1330,B,UK,7,6.91,0,0.0
1331,A,US,9,18.95,0,0.0
1332,B,US,7,29.2,0,0.0
1333,B,US,3,39.85,0,0.0
1334,B,DE,2,44.17,0,0.0
1335,A,US,12,19.82,0,0.0
1336,B,US,2,29.02,0,0.0
1337,B,US,10,14.37,1,13.31
1338,A,US,4,28.25,1,29.92
1339,A,UK,7,8.72,0,0.0
1340,B,DE,9,36.69,0,0.0
1341,A,UK,3,23.11,0,0.0
1342,A,US,5,17.4,0,0.0
1343,A,UK,7,26.29,0,0.0
1344,A,US,11,34.93,0,0.0
1345,B,US,12,16.91,0,0.0
1346,B,UK,1,22.04,0,0.0
1347,B,DE,7,59.42,0,0.0
1348,A,US,8,32.62,0,0.0
1349,B,DE,12,,0,0.0
1350,A,DE,12,38.66,0,0.0
1351,B,US,7,7.72,0,0.0
1352,B,US,5,31.44,0,0.0
1353,B,US,1,5.84,0,0.0
1354,A,US,14,12.27,0,0.0
1355,B,UK,3,10.3,0,0.0
1356,B,US,12,20.15,0,0.0
1357,A,DE,1,11.74,0,0.0
1358,B,US,11,9.1,1,9.26
1359,A,DE,11,33.06,0,0.0
1360,B,US,13,14.69,0,0.0
1361,B,US,11,17.57,0,0.0
1362,A,UK,10,25.03,1,20.67
1363,A,US,12,15.78,0,0.0
1364,A,US,6,31.07,1,29.69
1365,A,UK,10,15.94,0,0.0
1366,A,US,13,44.18,1,27.21
1367,B,UK,14,33.41,0,0.0
1368,B,UK,13,4.72,1,13.3
1369,A,US,10,25.07,0,0.0
1370,B,UK,4,16.2,1,13.55
1371,B,UK,11,65.9,0,0.0
1372,B,DE,12,29.32,1,23.69
1373,B,DE,12,30.85,0,0.0
1374,B,UK,1,24.39,0,0.0
1375,B,UK,11,27.84,0,0.0
1376,B,UK,8,43.28,0,0.0
1377,B,US,3,5.3,0,0.0
1378,B,US,11,32.93,0,0.0
1379,B,US,6,6.04,0,0.0
1380,A,DE,5,,0,0.0
1381,B,DE,13,38.79,0,0.0
1382,A,US,4,48.53,0,0.0
1383,B,UK,7,21.77,0,0.0
1384,A,US,9,28.95,0,0.0
1385,A,UK,9,47.12,0,0.0
1386,A,US,10,39.88,0,0.0
1387,A,US,9,16.79,0,0.0
1388,B,DE,13,31.73,0,0.0
1389,B,DE,1,19.65,0,0.0
1390,A,US,14,6.83,0,0.0
1391,A,US,3,27.28,0,0.0
1392,B,US,9,20.42,0,0.0
1393,B,US,8,48.6,0,0.0
1394,B,DE,7,57.97,0,0.0
1395,B,UK,7,2.05,0,0.0
1396,A,US,6,13.26,0,0.0
1397,B,US,10,33.61,0,0.0
1398,B,DE,9,51.54,0,0.0
1399,B,DE,12,3.29,0,0.0
1400,B,UK,6,61.52,0,0.0
1401,A,UK,3,,0,0.0
1402,B,US,3,23.98,0,0.0
1403,B,DE,8,48.11,0,0.0
1404,B,US,5,43.34,0,0.0
1405,B,UK,9,85.9,0,0.0
1406,B,DE,2,60.73,0,0.0
1407,A,UK,6,12.91,0,0.0
1408,A,DE,12,13.2,0,0.0
1409,A,US,10,83.38,0,0.0
1410,A,UK,2,10.13,0,0.0
1411,A,US,9,8.94,0,0.0
1412,A,US,10,27.95,0,0.0
1413,A,UK,13,66.41,0,0.0
1414,B,US,2,18.86,0,0.0
1415,A,US,13,43.62,0,0.0
1416,A,US,1,45.7,1,35.26
1417,B,DE,14,31.26,0,0.0
1418,A,UK,13,61.81,0,0.0
1419,B,DE,7,27.22,0,0.0
1420,A,US,1,,0,0.0
1421,A,UK,5,4.73,0,0.0
1422,B,US,4,18.27,0,0.0
1423,B,UK,3,13.86,0,0.0
1424,A,US,14,15.35,0,0.0
1425,A,US,8,18.88,1,15.02
1426,B,US,4,12.01,0,0.0
1427,B,US,10,6.84,0,0.0
1428,A,US,9,30.5,0,0.0
1429,A,US,12,13.58,0,0.0
1430,A,DE,2,75.87,0,0.0
1431,A,US,5,29.2,0,0.0
1432,B,US,7,33.62,0,0.0
1433,A,DE,3,12.34,0,0.0
1434,B,UK,1,2.62,0,0.0
1435,A,DE,8,72.46,0,0.0
1436,B,US,2,38.25,1,35.49
1437,B,UK,8,49.06,0,0.0
1438,B,US,2,21.81,0,0.0
1439,A,US,6,31.46,0,0.0
1440,A,US,8,31.82,0,0.0
1441,A,UK,2,26.84,0,0.0
1442,B,US,14,23.33,0,0.0
1443,A,UK,10,24.34,0,0.0
1444,B,UK,3,51.41,0,0.0
1445,A,US,4,23.22,0,0.0
1446,B,US,7,18.93,0,0.0
1447,B,DE,9,20.79,0,0.0
1448,B,US,1,26.09,1,25.01
1449,A,US,14,7.06,0,0.0
1450,B,UK,7,5.42,0,0.0
1451,B,US,3,27.23,0,0.0
1452,A,US,4,21.77,0,0.0
1453,B,DE,7,26.45,0,0.0
1454,B,US,9,40.6,0,0.0
1455,A,US,8,20.63,0,0.0
1456,A,US,12,50.87,0,0.0
1457,A,US,2,31.39,0,0.0
1458,A,DE,7,25.84,0,0.0
1459,B,US,6,11.53,0,0.0
1460,A,US,8,13.26,0,0.0
1461,B,US,8,12.22,0,0.0
1462,B,UK,13,28.44,0,0.0
1463,A,DE,3,24.95,0,0.0
1464,B,DE,7,38.42,0,0.0
1465,A,US,14,14.62,0,0.0
1466,B,UK,13,36.68,1,27.85
1467,A,DE,3,11.61,0,0.0
1468,A,US,3,8.14,0,0.0
1469,B,US,8,29.58,0,0.0
1470,A,US,2,17.1,0,0.0
1471,A,US,6,55.88,0,0.0
1472,B,US,9,13.0,0,0.0
1473,A,DE,11,41.17,0,0.0
1474,A,UK,1,80.04,0,0.0
1475,B,DE,9,52.83,0,0.0
1476,A,US,14,15.58,0,0.0
1477,B,US,2,49.36,0,0.0
1478,A,US,14,12.41,0,0.0
1479,B,US,6,65.47,0,0.0
1480,A,UK,7,11.23,0,0.0
1481,A,DE,5,8.24,0,0.0
1482,B,US,6,40.39,1,24.64
1483,B,US,10,17.52,0,0.0
1484,A,US,3,27.65,0,0.0
1485,A,DE,3,2.54,0,0.0
1486,B,US,10,5.8,1,11.53
1487,A,US,14,45.33,1,36.45
1488,B,US,4,8.57,0,0.0
1489,A,DE,4,27.78,0,0.0
1490,B,UK,13,31.69,1,27.91
1491,A,DE,2,25.6,0,0.0
1492,B,US,2,15.02,0,0.0
1493,A,US,2,22.2,0,0.0
1494,B,US,9,50.04,0,0.0
1495,B,US,12,17.41,0,0.0
1496,B,US,5,33.77,0,0.0
1497,B,UK,12,14.07,0,0.0
1498,A,US,14,6.8,0,0.0
1499,A,UK,5,31.27,0,0.0
1500,A,US,11,46.96,0,0.0
1501,B,UK,3,13.08,0,0.0
1502,A,UK,13,66.47,0,0.0
1503,A,UK,7,10.98,0,0.0
1504,B,US,7,39.72,0,0.0
1505,B,UK,4,12.05,0,0.0
1506,A,UK,10,38.22,0,0.0
1507,B,US,14,15.88,1,13.14
1508,A,DE,5,58.07,0,0.0
1509,B,UK,13,20.86,0,0.0
1510,B,UK,3,84.84,0,0.0
1511,B,US,10,19.69,1,9.02
1512,A,US,7,181.98,0,0.0
1513,B,US,7,9.03,0,0.0
1514,A,US,2,17.32,0,0.0
1515,B,US,5,66.21,0,0.0
1516,A,DE,10,28.91,0,0.0
1517,B,DE,11,15.78,0,0.0
1518,B,US,13,41.0,1,29.55
1519,B,US,7,9.77,0,0.0
1520,B,US,8,34.67,0,0.0
1521,B,US,4,30.14,0,0.0
1522,B,UK,14,10.71,0,0.0
1523,B,UK,6,2.2,0,0.0
1524,B,DE,10,44.0,0,0.0
1525,B,US,3,24.85,0,0.0
1526,B,US,9,5.56,0,0.0
1527,B,US,3,26.81,0,0.0
1528,B,US,11,3.96,0,0.0
1529,B,UK,12,10.53,0,0.0
1530,B,UK,1,24.06,1,21.98
1531,A,US,4,36.01,0,0.0
1532,B,US,12,27.83,0,0.0
1533,B,DE,14,7.69,0,0.0
1534,B,UK,13,107.49,0,0.0
1535,B,UK,2,38.61,0,0.0
1536,B,US,13,15.4,0,0.0
1537,B,US,7,25.61,0,0.0
1538,A,UK,7,47.85,0,0.0
1539,B,DE,5,44.69,0,0.0
1540,A,US,11,19.22,0,0.0
1541,B,UK,1,10.33,0,0.0
1542,B,UK,11,8.21,0,0.0
1543,A,US,9,9.42,1,6.32
1544,B,US,5,4.08,0,0.0
1545,A,DE,3,61.44,0,0.0
1546,A,US,13,29.8,0,0.0
1547,B,DE,6,13.86,1,15.82
1548,A,US,9,40.89,0,0.0
1549,A,DE,8,7.45,0,0.0
1550,A,US,3,12.71,0,0.0
1551,B,US,6,39.81,0,0.0
1552,B,DE,3,26.13,0,0.0
1553,A,UK,4,35.42,0,0.0
1554,B,US,6,12.06,1,12.0
1555,B,UK,11,15.1,1,16.3
1556,B,DE,2,28.17,0,0.0
1557,A,UK,4,53.88,0,0.0
1558,A,US,7,34.96,0,0.0
1559,A,US,10,23.08,0,0.0
1560,B,DE,2,26.51,0,0.0
1561,B,US,5,33.4,0,0.0
1562,B,US,13,17.3,0,0.0
1563,B,US,14,7.31,1,8.53
1564,B,UK,12,12.07,0,0.0
1565,B,US,5,13.86,0,0.0
1566,A,UK,5,17.1,0,0.0
1567,B,US,14,41.12,1,35.01
1568,A,US,6,,0,0.0
1569,B,UK,7,9.99,0,0.0
1570,B,DE,14,4.88,0,0.0
1571,A,US,4,10.75,0,0.0
1572,A,US,11,17.15,0,0.0
1573,A,UK,9,17.4,0,0.0
1574,B,DE,11,21.61,0,0.0
1575,B,DE,14,20.81,0,0.0
1576,B,US,6,10.8,0,0.0
1577,B,US,5,88.5,0,0.0
1578,A,UK,12,7.32,0,0.0
1579,B,DE,6,45.95,0,0.0
1580,A,US,2,62.62,0,0.0
1581,B,UK,6,24.2,1,15.28
1582,B,UK,14,25.84,0,0.0
1583,B,US,13,7.14,0,0.0
1584,A,UK,12,15.97,0,0.0
1585,B,UK,7,8.21,1,4.38
1586,A,DE,8,81.23,0,0.0
1587,A,UK,9,19.78,0,0.0
1588,A,US,5,18.93,0,0.0
1589,B,DE,9,37.08,0,0.0
1590,B,US,7,22.03,0,0.0
1591,B,US,4,45.45,0,0.0
1592,A,US,2,26.28,0,0.0
1593,A,US,2,19.92,0,0.0
1594,B,DE,9,40.42,0,0.0
1595,A,US,9,31.18,0,0.0
1596,A,UK,1,4.58,0,0.0
1597,A,US,9,,0,0.0
1598,B,UK,2,7.86,0,0.0
1599,A,US,11,3.31,0,0.0
1600,B,UK,1,34.88,0,0.0
1601,A,US,3,31.75,0,0.0
1602,B,UK,2,38.94,0,0.0
1603,A,UK,7,38.55,0,0.0
1604,A,DE,4,43.85,0,0.0
1605,B,UK,14,34.48,0,0.0
1606,A,DE,4,16.02,0,0.0
1607,B,UK,14,41.83,0,0.0
1608,B,US,5,14.98,0,0.0
1609,A,US,4,22.64,0,0.0
1610,A,UK,10,55.14,0,0.0
1611,A,US,9,67.69,0,0.0
1612,A,US,11,13.7,1,17.72
1613,B,US,1,19.7,0,0.0
1614,A,US,5,15.59,0,0.0
1615,B,US,6,15.16,0,0.0
1616,A,DE,7,33.84,0,0.0
1617,A,DE,3,9.84,0,0.0
1618,A,US,3,92.41,0,0.0
1619,B,US,6,13.43,0,0.0
1620,B,DE,14,29.31,0,0.0
1621,A,UK,9,58.98,0,0.0
1622,A,US,14,15.04,0,0.0
1623,A,US,11,39.62,0,0.0
1624,B,US,11,76.53,0,0.0
1625,A,US,9,3.03,0,0.0
1626,A,US,10,14.57,0,0.0
1627,A,DE,11,27.07,0,0.0
1628,B,US,6,20.18,0,0.0
1629,B,US,8,115.44,0,0.0
1630,A,DE,2,51.64,0,0.0
1631,B,DE,9,5.23,0,0.0
1632,A,US,2,21.95,0,0.0
1633,A,US,7,9.87,0,0.0
1634,A,UK,6,25.52,0,0.0
1635,A,UK,11,32.5,0,0.0
1636,B,UK,5,97.14,1,64.69
1637,B,US,5,36.59,0,0.0
1638,B,US,6,19.21,0,0.0
1639,A,UK,10,51.46,0,0.0
1640,B,UK,5,9.92,0,0.0
1641,B,US,8,17.45,0,0.0
1642,A,UK,3,12.49,0,0.0
1643,A,US,11,46.71,0,0.0
1644,A,UK,14,37.23,0,0.0
1645,A,DE,3,46.11,0,0.0
1646,A,UK,11,4.82,1,6.01
1647,B,DE,14,81.57,0,0.0
1648,A,US,10,10.18,0,0.0
1649,A,US,5,51.75,0,0.0
1650,B,US,3,4.11,0,0.0
1651,A,DE,7,23.07,1,17.54
1652,B,UK,2,16.67,1,21.01
1653,A,DE,14,36.44,0,0.0
1654,B,DE,1,15.95,0,0.0
1655,A,US,2,33.59,0,0.0
1656,A,UK,14,47.33,0,0.0
1657,B,US,1,27.77,1,16.61
1658,A,US,7,6.13,1,5.27
1659,B,US,7,30.0,0,0.0
1660,A,US,11,23.98,0,0.0
1661,A,DE,14,28.56,0,0.0
1662,A,DE,2,20.49,0,0.0
1663,B,UK,2,62.97,0,0.0
1664,B,DE,10,20.12,0,0.0
1665,A,US,2,83.76,0,0.0
1666,A,US,9,17.54,0,0.0
1667,A,UK,12,47.44,0,0.0
1668,A,UK,2,10.16,0,0.0
1669,A,UK,6,20.26,0,0.0
1670,A,UK,12,22.03,0,0.0
1671,A,US,1,10.13,0,0.0
1672,A,US,7,4.51,0,0.0
1673,A,UK,8,,0,0.0
1674,A,DE,5,17.12,0,0.0
1675,B,UK,2,28.31,0,0.0
1676,B,US,13,66.42,0,0.0
1677,A,US,7,20.0,0,0.0
1678,B,US,14,32.53,0,0.0
1679,A,DE,6,15.83,0,0.0
1680,B,US,6,37.89,0,0.0
1681,B,DE,4,44.94,0,0.0
1682,A,UK,4,8.69,0,0.0
1683,B,UK,9,35.04,0,0.0
1684,B,DE,8,7.46,0,0.0
1685,B,US,14,57.18,1,41.83
1686,A,US,10,12.45,0,0.0
1687,B,US,5,8.2,1,4.98
1688,B,US,9,44.11,0,0.0
1689,B,US,11,25.08,0,0.0
1690,A,DE,5,17.01,0,0.0
1691,B,US,10,24.18,0,0.0
1692,A,US,9,9.21,1,11.56
1693,A,US,14,4.4,0,0.0
1694,A,UK,13,18.44,0,0.0
1695,B,DE,3,74.4,0,0.0
1696,A,US,4,30.5,0,0.0
1697,B,US,11,25.4,0,0.0
1698,B,US,14,20.15,1,18.45
1699,B,DE,1,15.46,0,0.0
1700,A,DE,11,46.05,0,0.0
1701,A,UK,3,31.49,0,0.0
1702,B,US,1,14.12,0,0.0
1703,A,UK,12,43.23,0,0.0
1704,B,DE,1,28.59,0,0.0
1705,B,UK,14,12.32,0,0.0
1706,A,US,5,130.99,0,0.0
1707,B,US,5,5.56,0,0.0
1708,B,US,3,23.7,0,0.0
1709,A,DE,6,49.34,0,0.0
1710,A,US,2,15.74,0,0.0
1711,A,US,9,52.05,0,0.0
1712,A,US,1,7.87,0,0.0
1713,B,US,11,132.04,0,0.0
1714,A,DE,10,13.71,0,0.0
1715,A,DE,10,46.59,0,0.0
1716,B,UK,13,58.9,1,36.19
1717,A,UK,4,29.39,1,23.98
1718,A,UK,10,20.48,0,0.0
1719,B,DE,7,85.79,0,0.0
1720,A,DE,13,28.51,0,0.0
1721,A,UK,14,34.54,0,0.0
1722,B,US,8,29.57,0,0.0
1723,B,US,2,17.42,0,0.0
1724,B,UK,12,29.14,0,0.0
1725,A,US,10,6.53,0,0.0
1726,B,US,11,13.44,0,0.0
1727,B,US,8,14.89,0,0.0
1728,B,US,9,23.0,1,27.25
1729,A,UK,1,31.78,0,0.0
1730,B,UK,9,7.23,0,0.0
1731,A,UK,6,8.67,0,0.0
1732,B,UK,6,24.04,0,0.0
1733,A,UK,11,49.85,1,34.5
1734,A,DE,1,102.04,0,0.0
1735,B,UK,1,17.98,0,0.0
1736,A,US,6,12.63,1,11.55
1737,A,UK,9,7.1,0,0.0
1738,B,US,12,21.08,0,0.0
1739,A,US,9,6.65,0,0.0
1740,A,UK,1,12.0,0,0.0
1741,A,US,1,1.64,0,0.0
1742,B,UK,9,28.18,1,17.45
1743,A,US,14,72.17,0,0.0
1744,A,US,13,41.92,1,32.04
1745,A,US,5,57.01,0,0.0
1746,B,DE,11,64.25,0,0.0
1747,B,DE,3,9.67,0,0.0
1748,A,US,2,5.96,0,0.0
1749,A,UK,12,29.7,0,0.0
1750,B,UK,13,15.7,0,0.0
1751,B,UK,2,18.35,0,0.0
1752,B,US,8,15.53,0,0.0
1753,B,UK,4,11.15,1,9.65
1754,A,UK,1,4.92,1,11.7
1755,B,US,9,26.84,0,0.0
1756,B,UK,12,33.2,0,0.0
1757,B,US,9,33.73,0,0.0
1758,A,UK,3,10.67,1,6.53
1759,A,US,4,29.53,0,0.0
1760,A,US,5,23.04,0,0.0
1761,A,UK,11,3.32,0,0.0
1762,B,UK,2,19.57,0,0.0
1763,B,UK,14,9.89,1,9.93
1764,B,UK,13,40.65,0,0.0
1765,A,DE,10,33.96,0,0.0
1766,A,DE,12,27.77,0,0.0
1767,B,US,6,10.54,1,4.53
1768,A,US,11,3.78,0,0.0
1769,A,US,13,10.85,0,0.0
1770,A,UK,12,3.58,0,0.0
1771,A,UK,11,32.77,0,0.0
1772,A,UK,7,21.81,0,0.0
1773,B,UK,10,20.07,0,0.0
1774,A,US,5,20.76,0,0.0
1775,A,US,12,17.43,0,0.0
1776,B,UK,12,9.32,0,0.0
1777,B,US,3,6.28,0,0.0
1778,A,US,6,22.68,0,0.0
1779,B,US,11,34.77,0,0.0
1780,B,US,2,12.75,0,0.0
1781,B,DE,2,7.45,0,0.0
1782,B,US,11,16.51,0,0.0
1783,A,US,12,16.69,0,0.0
1784,A,US,1,32.98,0,0.0
1785,A,US,11,52.39,1,27.95
1786,A,US,6,7.56,0,0.0
1787,A,DE,8,21.14,0,0.0
1788,A,DE,12,19.52,0,0.0
1789,A,US,11,95.94,0,0.0
1790,B,US,13,1.71,0,0.0
1791,B,DE,1,6.9,0,0.0
1792,B,US,3,14.11,0,0.0
1793,B,US,5,25.68,0,0.0
1794,A,US,12,9.2,0,0.0
1795,B,DE,3,75.88,0,0.0
1796,B,US,10,37.13,0,0.0
1797,A,DE,11,18.05,1,12.33
1798,B,UK,11,24.23,0,0.0
1799,B,UK,9,12.36,0,0.0
1800,A,UK,13,48.86,0,0.0
1801,A,UK,11,8.18,0,0.0
1802,B,US,9,8.13,0,0.0
1803,B,US,4,1.65,0,0.0
1804,B,UK,3,31.5,0,0.0
1805,B,US,6,3.38,0,0.0
1806,A,US,6,14.16,0,0.0
1807,B,US,8,52.22,0,0.0
1808,B,DE,5,16.52,0,0.0
1809,B,UK,9,20.22,0,0.0
1810,A,UK,12,20.28,0,0.0
1811,A,DE,9,1.35,0,0.0
1812,B,US,6,9.66,0,0.0
1813,B,US,12,45.95,0,0.0
1814,B,DE,13,13.9,0,0.0
1815,B,UK,5,28.69,0,0.0
1816,A,DE,7,32.09,0,0.0
1817,A,UK,7,12.11,0,0.0
1818,B,UK,9,5.31,1,5.2
1819,B,DE,1,10.23,1,6.96
1820,A,US,1,5.44,0,0.0
1821,A,US,3,11.0,0,0.0
1822,B,UK,9,45.34,0,0.0
1823,A,UK,11,50.84,0,0.0
1824,A,DE,5,14.85,0,0.0
1825,A,DE,6,35.1,1,14.94
1826,B,US,1,46.94,0,0.0
1827,A,US,7,15.31,0,0.0
1828,B,UK,2,37.1,0,0.0
1829,A,UK,8,21.73,0,0.0
1830,A,US,6,17.67,0,0.0
1831,A,US,6,2.27,0,0.0
1832,A,UK,5,1.48,0,0.0
1833,B,DE,11,91.49,0,0.0
1834,B,US,12,24.32,0,0.0
1835,B,US,6,63.29,1,42.47
1836,B,DE,14,6.59,0,0.0
1837,A,UK,6,61.33,1,35.51
1838,B,US,2,13.92,1,12.66
1839,B,US,14,16.57,0,0.0
1840,B,US,14,31.53,0,0.0
1841,A,UK,4,29.26,0,0.0
1842,B,DE,5,10.5,0,0.0
1843,B,UK,8,60.37,1,44.26
1844,A,US,12,22.41,0,0.0
1845,A,UK,2,,0,0.0
1846,B,US,6,30.62,0,0.0
1847,A,US,5,36.75,0,0.0
1848,B,DE,10,26.02,0,0.0
1849,A,US,14,31.01,0,0.0
1850,A,UK,6,6.4,0,0.0
1851,B,DE,14,34.49,0,0.0
1852,A,US,1,88.83,0,0.0
1853,A,US,6,15.34,0,0.0
1854,A,US,10,13.84,0,0.0
1855,B,UK,11,72.62,1,43.4
1856,B,US,4,28.95,0,0.0
1857,A,DE,11,23.08,0,0.0
1858,B,US,3,13.07,0,0.0
1859,A,UK,13,18.69,0,0.0
1860,B,US,8,37.9,0,0.0
1861,A,US,1,54.6,0,0.0
1862,A,UK,10,10.04,0,0.0
1863,A,US,4,11.96,1,11.16
1864,A,US,9,15.54,0,0.0
1865,B,UK,13,23.01,0,0.0
1866,B,US,10,63.45,0,0.0
1867,B,DE,8,17.7,0,0.0
1868,B,DE,3,42.78,0,0.0
1869,B,DE,6,82.76,0,0.0
1870,A,DE,9,11.89,0,0.0
1871,A,US,13,27.37,0,0.0
1872,A,US,6,6.39,0,0.0
1873,A,UK,2,39.62,0,0.0
1874,A,US,8,2.06,1,4.65
1875,B,US,6,24.4,0,0.0
1876,B,UK,13,11.3,0,0.0
1877,A,US,8,8.26,0,0.0
1878,A,US,13,32.3,0,0.0
1879,A,DE,9,52.51,1,30.1
1880,B,UK,2,28.86,0,0.0
1881,A,US,9,26.6,1,22.84
1882,B,US,11,60.24,0,0.0
1883,A,DE,14,6.85,0,0.0
1884,A,UK,7,29.01,0,0.0
1885,A,US,6,8.1,0,0.0
1886,A,UK,1,49.57,0,0.0
1887,B,US,10,35.44,0,0.0
1888,A,UK,5,,0,0.0
1889,A,DE,2,31.21,0,0.0
1890,B,US,4,4.59,1,0.96
1891,B,DE,1,64.48,0,0.0
1892,B,UK,1,14.86,1,19.09
1893,A,US,10,46.87,0,0.0
1894,A,US,13,37.95,0,0.0
1895,B,US,8,24.87,0,0.0
1896,A,UK,4,98.19,0,0.0
1897,B,US,6,12.5,0,0.0
1898,B,UK,6,33.33,0,0.0
1899,B,DE,5,32.76,1,21.4
1900,A,DE,10,74.08,0,0.0
1901,B,UK,1,10.17,0,0.0
1902,A,UK,9,41.96,0,0.0
1903,B,US,2,23.53,0,0.0
1904,A,UK,8,63.68,0,0.0
1905,B,US,13,48.17,0,0.0
1906,B,UK,3,30.92,0,0.0
1907,A,DE,11,9.22,0,0.0
1908,B,US,6,45.53,0,0.0
1909,A,US,10,33.62,0,0.0
1910,A,US,7,20.76,1,16.42
1911,A,UK,6,65.7,0,0.0
1912,A,US,9,66.62,0,0.0
1913,A,UK,4,10.46,0,0.0
1914,B,UK,12,21.09,0,0.0
1915,B,US,11,16.08,0,0.0
1916,B,US,14,10.85,0,0.0
1917,B,US,5,140.1,0,0.0
1918,B,US,8,51.43,0,0.0
1919,A,UK,10,1.95,0,0.0
1920,A,UK,13,42.62,0,0.0
1921,A,DE,12,36.29,0,0.0
1922,A,UK,9,9.75,0,0.0
1923,A,US,4,47.05,0,0.0
1924,A,US,3,45.1,0,0.0
1925,B,US,13,28.53,1,18.27
1926,A,US,7,23.74,0,0.0
1927,B,US,6,2.72,0,0.0
1928,A,UK,9,47.87,0,0.0
1929,B,UK,10,16.56,1,16.94
1930,B,DE,6,55.9,0,0.0
1931,A,DE,11,25.24,0,0.0
1932,A,US,5,27.11,0,0.0
1933,A,US,2,20.97,0,0.0
1934,B,US,13,21.58,0,0.0
1935,A,US,7,25.52,0,0.0
1936,A,US,13,4.86,0,0.0
1937,B,UK,10,38.69,0,0.0
1938,A,US,13,34.37,0,0.0
1939,B,UK,12,75.61,0,0.0
1940,A,DE,7,27.08,0,0.0
1941,A,US,6,15.04,0,0.0
1942,B,US,11,21.47,0,0.0
1943,B,UK,6,46.81,1,33.97
1944,A,UK,13,35.69,0,0.0
1945,B,DE,12,13.25,0,0.0
1946,B,US,5,50.54,0,0.0
1947,A,US,10,15.18,0,0.0
1948,A,US,10,32.92,0,0.0
1949,B,US,12,24.53,0,0.0
1950,B,DE,1,54.7,0,0.0
1951,B,US,4,39.51,0,0.0
1952,B,UK,6,22.31,0,0.0
1953,A,UK,14,11.99,0,0.0
1954,A,DE,1,34.67,0,0.0
1955,A,US,9,24.58,0,0.0
1956,B,DE,13,7.12,0,0.0
1957,B,US,3,37.65,0,0.0
1958,A,US,9,24.1,0,0.0
1959,B,US,14,7.39,0,0.0
1960,B,US,1,29.12,0,0.0
1961,A,UK,4,1.21,0,0.0
1962,A,DE,1,0.58,0,0.0
1963,B,UK,11,41.68,0,0.0
1964,B,US,4,34.17,0,0.0
1965,B,UK,3,28.86,0,0.0
1966,A,UK,13,31.23,0,0.0
1967,A,US,10,8.38,0,0.0
1968,A,US,1,14.04,0,0.0
1969,B,UK,5,82.12,0,0.0
1970,A,UK,12,8.06,0,0.0
1971,B,DE,4,18.14,0,0.0
1972,B,US,5,12.72,0,0.0
1973,A,DE,1,30.48,0,0.0
1974,B,US,7,20.22,0,0.0
1975,B,DE,7,16.34,0,0.0
1976,B,US,1,42.1,0,0.0
1977,B,US,4,11.02,0,0.0
1978,B,US,13,34.4,0,0.0
1979,B,US,5,14.04,0,0.0
1980,B,UK,3,11.65,0,0.0
1981,A,US,9,13.83,0,0.0
1982,B,UK,3,25.95,0,0.0
1983,A,UK,11,28.77,0,0.0
1984,B,US,1,40.57,0,0.0
1985,A,US,12,44.0,0,0.0
1986,A,UK,7,7.99,0,0.0
1987,A,US,8,27.22,0,0.0
1988,B,DE,8,10.83,0,0.0
1989,B,UK,8,35.98,0,0.0
1990,A,DE,8,17.71,0,0.0
1991,B,UK,10,13.89,0,0.0
1992,B,DE,12,25.66,1,13.65
1993,A,US,1,67.86,0,0.0
1994,B,US,6,24.2,0,0.0
1995,A,US,7,9.66,1,5.62
1996,A,UK,14,11.67,0,0.0
1997,A,US,7,26.2,0,0.0
1998,B,US,11,52.88,1,37.03
1999,A,US,13,11.83,0,0.0
2000,B,UK,1,41.72,0,0.0
2001,A,US,9,22.28,0,0.0
2002,B,US,8,46.96,0,0.0
2003,A,US,10,20.84,0,0.0
2004,B,DE,10,17.19,0,0.0
2005,B,US,3,60.89,0,0.0
2006,B,US,7,8.57,0,0.0
2007,B,DE,4,29.2,0,0.0
2008,A,UK,10,22.19,0,0.0
2009,A,DE,11,34.67,0,0.0
2010,B,UK,6,39.63,0,0.0
2011,A,UK,14,9.92,1,7.43
2012,B,UK,14,25.67,0,0.0
2013,A,US,2,6.07,0,0.0
2014,A,US,8,21.33,0,0.0
2015,A,UK,3,38.0,0,0.0
2016,A,US,3,44.17,0,0.0
2017,B,US,9,48.45,0,0.0
2018,B,US,6,12.93,1,11.45
2019,A,DE,3,17.65,0,0.0
2020,A,UK,2,24.89,0,0.0
2021,A,US,14,12.48,0,0.0
2022,A,DE,10,24.69,0,0.0
2023,B,UK,5,33.42,0,0.0
2024,B,US,13,6.27,0,0.0
2025,B,US,1,24.43,0,0.0
2026,A,UK,14,25.65,0,0.0
2027,A,UK,12,26.29,0,0.0
2028,A,UK,8,6.43,0,0.0
2029,B,DE,11,43.79,0,0.0
2030,B,US,8,6.82,0,0.0
2031,A,US,7,48.97,1,31.29
2032,B,DE,8,30.21,0,0.0
2033,B,US,3,84.47,0,0.0
2034,A,US,6,43.76,0,0.0
2035,B,US,13,8.24,0,0.0
2036,A,UK,2,29.02,0,0.0
2037,A,US,8,16.89,0,0.0
2038,B,DE,14,30.78,0,0.0
2039,A,DE,10,10.53,0,0.0
2040,A,US,7,12.45,0,0.0
2041,B,UK,5,50.36,0,0.0
2042,A,US,7,35.64,0,0.0
2043,A,US,2,28.4,1,16.35
2044,B,UK,9,26.88,0,0.0
2045,A,US,10,49.35,0,0.0
2046,A,DE,3,97.23,0,0.0
2047,B,UK,1,47.3,1,35.72
2048,A,DE,10,105.35,0,0.0
2049,B,US,3,10.22,1,7.15
2050,A,US,11,77.28,0,0.0
2051,A,US,8,8.2,0,0.0
2052,A,DE,6,9.81,0,0.0
2053,A,DE,10,31.25,0,0.0
2054,A,DE,10,56.41,0,0.0
2055,B,US,11,7.61,0,0.0
2056,B,UK,2,43.9,0,0.0
2057,A,US,3,45.91,0,0.0
2058,B,US,2,25.6,0,0.0
2059,A,UK,3,7.06,0,0.0
2060,B,DE,6,31.99,0,0.0
2061,A,UK,5,40.15,0,0.0
2062,A,DE,12,36.34,0,0.0
2063,A,US,10,26.62,0,0.0
2064,A,US,6,24.63,0,0.0
2065,A,UK,12,64.58,0,0.0
2066,A,UK,6,15.83,0,0.0
2067,B,US,9,12.45,0,0.0
2068,B,US,9,6.67,0,0.0
2069,B,DE,4,55.74,0,0.0
2070,A,US,1,20.48,0,0.0
2071,A,UK,14,21.14,0,0.0
2072,A,UK,2,32.61,0,0.0
2073,B,DE,7,48.26,0,0.0
2074,A,DE,13,34.89,0,0.0
2075,A,US,7,28.65,0,0.0
2076,A,US,14,39.6,0,0.0
2077,B,UK,8,46.26,0,0.0
2078,B,US,5,10.13,0,0.0
2079,B,DE,3,,0,0.0
2080,A,US,14,47.31,1,28.51
2081,A,UK,13,11.31,0,0.0
2082,A,US,9,27.9,1,21.73
2083,B,US,2,19.62,0,0.0
2084,A,UK,8,75.43,0,0.0
2085,A,US,12,28.14,0,0.0
2086,A,US,6,23.26,0,0.0
2087,A,DE,14,78.52,0,0.0
2088,A,US,6,16.85,0,0.0
2089,B,US,13,24.1,1,17.03
2090,B,UK,3,28.91,0,0.0
2091,B,US,10,16.7,1,15.19
2092,B,US,1,48.77,0,0.0
2093,A,US,7,10.43,1,7.31
2094,A,US,8,77.6,0,0.0
2095,B,UK,13,64.8,1,37.7
2096,B,US,9,56.78,0,0.0
2097,B,US,14,44.13,0,0.0
2098,A,US,9,74.63,0,0.0
2099,B,UK,9,5.88,0,0.0
2100,B,UK,14,11.22,0,0.0
2101,B,DE,3,23.24,0,0.0
2102,B,UK,8,42.18,0,0.0
2103,B,US,11,36.06,0,0.0
2104,B,US,13,104.53,0,0.0
2105,A,UK,6,44.09,0,0.0
2106,B,UK,3,29.08,0,0.0
2107,B,US,3,5.63,1,2.12
2108,A,UK,10,40.81,0,0.0
2109,A,DE,14,9.53,0,0.0
2110,B,DE,1,36.79,0,0.0
2111,B,UK,13,18.21,0,0.0
2112,A,UK,11,49.52,0,0.0
2113,B,UK,9,22.9,0,0.0
2114,A,UK,14,53.57,1,31.35
2115,B,US,11,24.99,0,0.0
2116,A,UK,14,27.61,0,0.0
2117,B,US,11,59.18,0,0.0
2118,B,DE,4,14.55,1,10.45
2119,A,DE,6,7.45,0,0.0
2120,B,DE,12,13.13,0,0.0
2121,A,US,5,10.56,0,0.0
2122,B,US,13,14.71,0,0.0
2123,B,DE,9,37.79,0,0.0
2124,B,UK,5,57.61,0,0.0
2125,A,US,14,30.86,0,0.0
2126,B,UK,1,16.68,0,0.0
2127,B,US,3,42.42,0,0.0
2128,A,US,11,19.53,1,14.84
2129,B,US,14,24.59,1,14.12
2130,B,US,14,52.09,0,0.0
2131,A,UK,12,21.19,0,0.0
2132,A,US,10,36.12,0,0.0
2133,A,UK,7,12.45,0,0.0
2134,B,DE,14,52.06,0,0.0
2135,A,US,10,42.37,0,0.0
2136,A,DE,9,18.73,0,0.0
2137,B,US,2,18.3,0,0.0
2138,B,US,10,18.06,0,0.0
2139,B,UK,10,52.6,0,0.0
2140,B,DE,11,20.88,0,0.0
2141,A,US,11,22.22,0,0.0
2142,A,US,12,88.87,0,0.0
2143,B,DE,14,85.1,1,55.21
2144,A,US,3,13.69,1,10.28
2145,B,UK,11,52.65,0,0.0
2146,A,UK,12,51.62,0,0.0
2147,A,DE,11,17.01,0,0.0
2148,A,UK,12,55.31,1,33.32
2149,A,US,5,39.68,0,0.0
2150,A,DE,5,37.96,1,18.89
2151,B,US,13,6.15,1,9.77
2152,B,DE,14,21.93,0,0.0
2153,B,US,1,21.32,0,0.0
2154,A,US,13,47.21,0,0.0
2155,B,US,7,23.74,1,17.61
2156,B,UK,3,14.01,0,0.0
2157,A,US,14,35.72,0,0.0
2158,B,US,13,20.53,1,16.89
2159,A,DE,9,9.49,0,0.0
2160,B,UK,11,13.96,0,0.0
2161,B,US,4,21.48,1,19.85
2162,A,DE,3,14.94,0,0.0
2163,B,US,11,12.16,0,0.0
2164,A,US,5,43.61,0,0.0
2165,B,US,7,48.4,0,0.0
2166,B,US,8,14.83,0,0.0
2167,A,UK,9,9.17,0,0.0
2168,A,DE,11,34.37,0,0.0
2169,B,UK,4,19.75,0,0.0
2170,A,DE,10,20.99,0,0.0
2171,A,UK,9,11.15,0,0.0
2172,B,DE,12,28.24,0,0.0
2173,B,US,10,12.63,0,0.0
2174,B,UK,9,20.33,0,0.0
2175,A,DE,3,3.68,0,0.0
2176,A,UK,10,14.08,0,0.0
2177,B,US,6,34.78,0,0.0
2178,B,DE,3,44.04,0,0.0
2179,B,US,9,12.4,0,0.0
2180,B,US,4,10.02,0,0.0
2181,A,UK,9,76.91,0,0.0
2182,A,DE,6,16.32,0,0.0
2183,A,UK,9,17.35,0,0.0
2184,A,UK,4,17.16,0,0.0
2185,A,US,7,36.68,1,25.29
2186,B,US,14,65.2,0,0.0
2187,B,DE,5,47.12,0,0.0
2188,B,UK,5,14.3,0,0.0
2189,B,US,6,8.5,0,0.0
2190,B,UK,3,22.59,0,0.0
2191,A,US,2,20.23,0,0.0
2192,B,US,3,31.59,0,0.0
2193,A,US,6,41.26,1,33.36
2194,A,UK,5,52.32,0,0.0
2195,A,DE,6,23.13,1,18.54
2196,B,UK,3,42.51,0,0.0
2197,A,DE,5,37.82,0,0.0
2198,A,DE,12,30.27,0,0.0
2199,A,UK,10,28.93,0,0.0
2200,B,US,5,75.2,0,0.0
2201,A,UK,12,32.04,0,0.0
2202,A,US,11,12.76,1,9.28
2203,A,UK,3,11.29,0,0.0
2204,A,US,4,69.04,1,45.36
2205,A,US,12,4.55,0,0.0
2206,B,US,14,34.66,0,0.0
2207,B,DE,3,84.68,0,0.0
2208,B,US,13,5.1,0,0.0
2209,B,US,1,35.56,0,0.0
2210,A,US,1,66.37,0,0.0
2211,A,DE,4,2.59,0,0.0
2212,B,US,1,35.77,0,0.0
2213,A,UK,3,25.54,0,0.0
2214,B,DE,14,53.38,0,0.0
2215,B,US,7,16.52,0,0.0
2216,A,DE,9,18.59,0,0.0
2217,B,UK,5,14.27,0,0.0
2218,B,US,13,47.81,0,0.0
2219,B,US,6,48.87,0,0.0
2220,A,US,12,37.07,0,0.0
2221,A,UK,8,41.24,0,0.0
2222,B,US,2,51.58,0,0.0
2223,A,DE,2,0.21,0,0.0
2224,B,US,11,25.9,0,0.0
2225,B,UK,4,12.06,1,12.35
2226,A,US,11,14.19,0,0.0
2227,A,US,1,6.58,0,0.0
2228,B,US,3,26.53,0,0.0
2229,B,UK,5,35.52,0,0.0
2230,B,DE,10,25.44,0,0.0
2231,B,DE,2,44.31,0,0.0
2232,B,UK,10,17.0,1,18.69
2233,B,US,12,12.15,0,0.0
2234,B,DE,7,9.97,0,0.0
2235,A,US,2,32.87,0,0.0
2236,A,US,10,37.33,0,0.0
2237,B,DE,3,42.73,0,0.0
2238,B,US,13,26.1,0,0.0
2239,B,US,14,53.14,0,0.0
2240,A,DE,6,20.1,0,0.0
2241,A,DE,13,11.81,1,5.57
2242,A,UK,10,44.66,0,0.0
2243,A,US,13,29.13,0,0.0
2244,A,US,6,21.64,0,0.0
2245,A,UK,13,21.34,0,0.0
2246,A,US,4,37.75,0,0.0
2247,B,US,9,33.95,0,0.0
2248,A,US,9,9.06,1,7.9
2249,A,US,2,14.86,0,0.0
2250,B,US,14,31.52,0,0.0
2251,B,US,10,82.27,0,0.0
2252,A,US,4,87.11,0,0.0
2253,B,US,11,13.73,0,0.0
2254,B,DE,8,26.72,0,0.0
2255,A,US,1,29.25,1,23.77
2256,A,UK,11,23.57,0,0.0
2257,B,US,3,7.52,0,0.0
2258,A,DE,7,41.81,0,0.0
2259,A,UK,5,11.14,0,0.0
2260,A,US,4,26.78,0,0.0
2261,A,DE,6,27.98,0,0.0
2262,B,US,13,9.82,0,0.0
2263,B,DE,7,22.64,0,0.0
2264,A,US,5,26.35,0,0.0
2265,A,DE,14,55.79,0,0.0
2266,A,DE,10,10.97,0,0.0
2267,B,UK,11,69.33,0,0.0
2268,A,UK,4,41.54,0,0.0
2269,A,US,10,29.14,0,0.0
2270,A,DE,9,16.81,0,0.0
2271,B,UK,1,20.49,0,0.0
2272,A,UK,1,40.78,0,0.0
2273,A,DE,6,34.81,0,0.0
2274,B,US,4,29.51,0,0.0
2275,A,US,13,37.11,0,0.0
2276,A,DE,4,27.47,0,0.0
2277,B,US,13,14.29,0,0.0
2278,B,DE,2,23.64,0,0.0
2279,B,UK,5,23.75,0,0.0
2280,B,US,4,9.04,1,12.07
2281,B,UK,9,31.65,0,0.0
2282,B,UK,10,23.26,0,0.0
2283,B,DE,11,8.44,0,0.0
2284,A,UK,9,30.94,0,0.0
2285,B,UK,9,17.74,0,0.0
2286,B,UK,3,26.27,0,0.0
2287,A,DE,1,27.66,0,0.0
2288,A,US,3,4.08,1,8.97
2289,B,DE,13,17.26,0,0.0
2290,B,US,3,13.89,0,0.0
2291,A,US,6,36.37,0,0.0
2292,B,US,14,23.98,0,0.0
2293,B,DE,9,2.9,0,0.0
2294,B,US,11,26.08,1,22.86
2295,A,US,6,19.17,0,0.0
2296,B,US,6,22.91,0,0.0
2297,A,UK,4,1.47,0,0.0
2298,B,UK,7,3.66,0,0.0
2299,B,UK,2,11.62,0,0.0
2300,A,DE,13,42.84,0,0.0
2301,A,US,12,14.52,0,0.0
2302,B,US,13,42.59,0,0.0
2303,A,US,5,14.76,0,0.0
2304,A,US,1,8.04,0,0.0
2305,B,UK,3,35.8,0,0.0
2306,A,US,11,25.36,0,0.0
2307,A,UK,7,30.85,0,0.0
2308,B,UK,13,1.81,0,0.0
2309,B,UK,4,23.66,1,23.1
2310,B,DE,1,23.85,0,0.0
2311,B,UK,6,18.43,0,0.0
2312,B,UK,3,34.74,0,0.0
2313,B,DE,9,28.47,0,0.0
2314,B,US,8,46.45,0,0.0
2315,A,US,7,34.37,0,0.0
2316,B,US,10,16.35,0,0.0
2317,A,UK,3,33.33,0,0.0
2318,A,UK,3,31.39,0,0.0
2319,A,DE,6,24.44,0,0.0
2320,B,UK,1,43.97,0,0.0
2321,B,DE,9,57.11,1,39.1
2322,A,DE,2,67.3,0,0.0
2323,A,UK,10,21.8,0,0.0
2324,A,DE,2,1.26,0,0.0
2325,A,US,3,113.64,1,78.63
2326,A,DE,7,12.0,0,0.0
2327,B,UK,7,,0,0.0
2328,A,US,5,14.58,0,0.0
2329,A,US,10,65.58,0,0.0
2330,B,DE,9,10.2,1,6.27
2331,A,US,7,38.87,0,0.0
2332,B,UK,10,25.29,0,0.0
2333,B,UK,10,66.01,0,0.0
2334,B,US,11,24.04,0,0.0
2335,B,US,12,32.78,0,0.0
2336,A,US,5,8.45,1,4.76
2337,A,UK,14,18.42,0,0.0
2338,A,US,6,22.36,0,0.0
2339,B,US,10,20.7,0,0.0
2340,B,US,5,33.5,0,0.0
2341,A,US,6,70.7,0,0.0
2342,A,US,1,9.07,0,0.0
2343,B,UK,1,25.07,0,0.0
2344,A,DE,3,37.21,0,0.0
2345,A,UK,7,29.9,0,0.0
2346,B,US,14,88.91,0,0.0
2347,B,US,8,110.74,0,0.0
2348,B,UK,12,23.24,0,0.0
2349,B,US,3,7.82,0,0.0
2350,A,US,13,29.71,0,0.0
2351,A,DE,10,63.78,0,0.0
2352,A,US,14,38.09,1,27.69
2353,B,US,7,63.22,0,0.0
2354,B,US,10,13.38,0,0.0
2355,A,UK,4,17.76,0,0.0
2356,B,US,1,26.41,0,0.0
2357,B,US,6,3.6,0,0.0
2358,A,US,5,7.14,0,0.0
2359,A,US,2,33.37,1,18.55
2360,A,UK,1,29.33,0,0.0
2361,B,DE,11,49.83,1,34.43
2362,A,UK,4,9.83,0,0.0
2363,A,US,12,75.98,0,0.0
2364,A,UK,5,64.55,0,0.0
2365,B,UK,11,29.08,0,0.0
2366,B,US,10,73.74,0,0.0
2367,B,UK,13,9.0,0,0.0
2368,A,US,9,50.6,0,0.0
2369,A,US,9,64.56,0,0.0
2370,B,US,9,45.96,0,0.0
2371,A,UK,8,39.3,0,0.0
2372,A,UK,10,59.38,0,0.0
2373,A,US,14,24.32,0,0.0
2374,A,US,2,52.37,1,37.29
2375,A,UK,9,17.65,0,0.0
2376,B,US,11,8.01,0,0.0
2377,B,DE,2,26.64,0,0.0
2378,B,UK,12,52.35,0,0.0
2379,B,DE,3,12.92,0,0.0
2380,B,US,1,27.39,0,0.0
2381,A,UK,5,34.89,0,0.0
2382,A,UK,14,25.67,1,17.86
2383,A,US,2,23.74,0,0.0
2384,B,US,5,47.81,0,0.0
2385,A,US,10,31.06,1,27.5
2386,B,UK,1,29.69,0,0.0
2387,B,UK,13,27.69,0,0.0
2388,A,DE,1,22.89,0,0.0
2389,A,US,1,33.84,0,0.0
2390,B,US,11,73.14,0,0.0
2391,B,UK,4,39.74,1,27.43
2392,B,UK,3,93.24,0,0.0
2393,B,US,3,5.42,0,0.0
2394,A,US,2,32.82,0,0.0
2395,A,US,1,5.13,0,0.0
2396,B,US,14,46.78,0,0.0
2397,A,UK,12,69.92,0,0.0
2398,A,DE,11,9.17,0,0.0
2399,A,UK,8,20.53,0,0.0
2400,B,US,12,61.9,1,40.87
2401,A,US,14,41.79,0,0.0
2402,A,UK,7,28.73,1,18.96
2403,B,US,10,27.65,0,0.0
2404,B,US,12,114.35,0,0.0
2405,A,US,12,42.49,0,0.0
2406,A,UK,11,14.9,0,0.0
2407,A,US,7,38.1,0,0.0
2408,A,DE,12,20.24,0,0.0
2409,B,DE,3,8.8,0,0.0
2410,A,DE,3,112.92,0,0.0
2411,A,UK,9,26.79,0,0.0
2412,A,US,9,36.46,0,0.0
2413,A,DE,12,24.77,0,0.0
2414,A,US,13,15.8,0,0.0
2415,A,UK,11,26.81,0,0.0
2416,A,US,14,72.59,1,43.87
2417,A,DE,14,12.56,0,0.0
2418,A,UK,7,19.58,0,0.0
2419,B,US,5,21.09,0,0.0
2420,A,US,1,50.54,0,0.0
2421,A,US,8,38.33,0,0.0
2422,B,US,3,16.97,0,0.0
2423,B,US,7,62.02,0,0.0
2424,B,DE,2,16.32,1,13.1
2425,B,UK,9,54.79,0,0.0
2426,B,UK,13,36.95,1,25.47
2427,A,UK,4,8.76,0,0.0
2428,A,UK,14,49.5,0,0.0
2429,A,UK,11,10.27,0,0.0
2430,B,US,12,70.82,0,0.0
2431,A,DE,3,72.04,0,0.0
2432,A,DE,12,37.24,0,0.0
2433,A,US,1,10.97,0,0.0
2434,A,DE,12,55.19,1,33.01
2435,B,UK,5,4.2,0,0.0
2436,B,US,4,38.38,0,0.0
2437,A,US,2,2.69,0,0.0
2438,B,DE,12,41.9,0,0.0
2439,B,DE,2,53.58,0,0.0
2440,A,DE,14,23.84,1,16.61
2441,B,UK,7,13.86,1,16.3
2442,B,US,3,22.05,0,0.0
2443,B,DE,14,10.59,0,0.0
2444,B,US,6,10.05,0,0.0
2445,A,US,10,14.94,0,0.0
2446,B,US,14,20.79,0,0.0
2447,B,UK,7,34.86,0,0.0
2448,B,UK,8,14.68,0,0.0
2449,A,US,12,28.57,0,0.0
2450,A,US,6,62.17,0,0.0
2451,A,UK,3,10.82,0,0.0
2452,B,UK,14,19.42,1,15.14
2453,B,US,5,17.86,0,0.0
2454,B,DE,13,10.47,0,0.0
2455,A,UK,8,6.33,0,0.0
2456,A,UK,10,24.72,0,0.0
2457,B,DE,10,19.83,0,0.0
2458,B,UK,11,41.59,1,35.05
2459,A,US,12,7.79,0,0.0
2460,B,US,7,26.69,0,0.0
2461,A,DE,6,9.82,0,0.0
2462,A,US,3,41.67,0,0.0
2463,B,UK,2,37.81,1,26.15
2464,B,UK,6,10.66,1,2.97
2465,A,US,12,18.94,0,0.0
2466,A,DE,13,12.56,1,6.33
2467,A,DE,6,17.12,0,0.0
2468,A,DE,5,35.46,0,0.0
2469,B,DE,6,45.2,0,0.0
2470,B,UK,14,46.13,0,0.0
2471,B,UK,5,25.13,1,17.27
2472,B,DE,5,22.31,0,0.0
2473,A,US,12,3.69,0,0.0
2474,B,UK,7,8.89,1,6.56
2475,B,US,12,,0,0.0
2476,B,US,13,7.09,0,0.0
2477,A,DE,14,42.22,1,30.71
2478,A,US,7,50.86,0,0.0
2479,B,DE,6,16.88,0,0.0
2480,A,DE,11,7.12,0,0.0
2481,A,US,4,8.03,0,0.0
2482,B,US,8,17.33,0,0.0
2483,A,UK,8,29.91,0,0.0
2484,A,UK,12,23.27,0,0.0
2485,B,US,8,22.95,0,0.0
2486,A,US,4,94.99,0,0.0
2487,A,DE,2,35.27,0,0.0
2488,A,UK,7,79.11,0,0.0
2489,A,UK,2,24.58,0,0.0
2490,A,US,12,22.44,0,0.0
2491,B,US,5,72.34,0,0.0
2492,B,US,1,20.88,0,0.0
2493,B,US,10,11.01,0,0.0
2494,B,UK,8,46.44,0,0.0
2495,A,UK,14,14.52,0,0.0
2496,B,DE,1,1.01,0,0.0
2497,B,US,7,23.56,0,0.0
2498,B,UK,13,15.72,0,0.0
2499,B,UK,11,14.44,1,23.33
2500,A,US,10,35.76,0,0.0
2501,A,US,1,42.9,0,0.0
2502,B,US,12,11.23,0,0.0
2503,B,US,8,4.01,0,0.0
2504,B,DE,1,17.68,0,0.0
2505,A,DE,11,53.69,0,0.0
2506,B,DE,10,20.48,0,0.0
2507,A,DE,8,84.74,0,0.0
2508,A,US,14,43.27,0,0.0
2509,B,US,13,31.73,0,0.0
2510,B,UK,10,23.32,0,0.0
2511,B,DE,12,34.11,0,0.0
2512,B,UK,2,12.2,0,0.0
2513,A,US,3,22.17,0,0.0
2514,A,US,8,22.1,1,18.21
2515,A,UK,6,27.51,0,0.0
2516,A,UK,2,37.72,0,0.0
2517,B,UK,5,45.17,0,0.0
2518,B,UK,5,16.03,1,15.94
2519,A,DE,8,29.44,0,0.0
2520,A,US,12,13.3,0,0.0
2521,B,UK,14,29.6,0,0.0
2522,A,US,1,39.84,0,0.0
2523,B,US,8,11.13,0,0.0
2524,B,US,4,16.55,1,7.27
2525,A,UK,1,32.09,0,0.0
2526,A,UK,5,12.91,0,0.0
2527,B,UK,10,50.9,0,0.0
2528,B,US,11,10.8,0,0.0
2529,A,UK,6,35.99,0,0.0
2530,A,DE,6,37.7,0,0.0
2531,A,UK,1,3.98,0,0.0
2532,A,US,14,16.34,0,0.0
2533,A,US,3,10.12,0,0.0
2534,A,US,7,9.85,0,0.0
2535,B,UK,1,24.27,0,0.0
2536,B,US,12,42.08,0,0.0
2537,B,US,14,16.86,0,0.0
2538,B,US,2,35.9,0,0.0
2539,A,DE,7,9.13,0,0.0
2540,A,US,6,18.92,0,0.0
2541,B,US,9,23.31,1,20.49
2542,A,US,10,34.13,0,0.0
2543,B,DE,11,19.19,0,0.0
2544,B,US,13,55.46,0,0.0
2545,A,US,6,26.46,0,0.0
2546,A,US,13,17.71,0,0.0
2547,A,US,14,52.96,0,0.0
2548,B,UK,14,56.09,0,0.0
2549,A,US,7,5.1,0,0.0
2550,A,US,4,24.51,0,0.0
2551,A,UK,14,39.19,0,0.0
2552,B,UK,2,5.23,0,0.0
2553,A,US,12,32.28,0,0.0
2554,A,US,6,39.88,0,0.0
2555,A,US,14,31.24,0,0.0
2556,A,US,11,13.96,0,0.0
2557,B,UK,2,6.97,0,0.0
2558,B,DE,2,16.66,1,17.27
2559,B,DE,8,63.45,0,0.0
2560,B,US,6,79.88,1,48.8
2561,A,DE,4,76.0,0,0.0
2562,A,US,9,18.46,0,0.0
2563,A,UK,3,11.53,0,0.0
2564,A,DE,2,43.79,0,0.0
2565,A,UK,7,32.08,0,0.0
2566,B,US,14,9.65,1,8.73
2567,B,DE,13,26.95,0,0.0
2568,A,UK,3,13.02,0,0.0
2569,A,UK,7,27.83,0,0.0
2570,B,US,5,96.29,0,0.0
2571,B,US,6,2.34,1,9.26
2572,B,US,11,7.24,0,0.0
2573,B,UK,11,23.57,0,0.0
2574,A,US,11,49.96,0,0.0
2575,A,DE,6,34.64,0,0.0
2576,B,UK,13,13.7,1,13.28
2577,B,US,10,27.5,0,0.0
2578,B,US,3,15.42,0,0.0
2579,B,UK,11,31.68,0,0.0
2580,B,UK,13,24.62,0,0.0
2581,B,UK,8,44.24,0,0.0
2582,B,US,2,40.17,1,30.74
2583,B,DE,9,32.14,0,0.0
2584,B,US,4,8.48,1,6.51
2585,B,UK,11,12.17,0,0.0
2586,A,DE,2,76.02,1,50.02
2587,A,US,4,4.78,0,0.0
2588,A,UK,1,54.86,0,0.0
2589,B,UK,9,42.15,0,0.0
2590,A,US,8,36.47,0,0.0
2591,B,US,7,10.41,0,0.0
2592,A,US,3,21.0,0,0.0
2593,A,DE,11,2.08,0,0.0
2594,B,DE,2,12.39,0,0.0
2595,B,DE,8,89.24,0,0.0
2596,A,US,10,34.65,0,0.0
2597,A,UK,5,64.49,0,0.0
2598,A,US,13,33.52,1,23.96
2599,A,US,14,16.64,0,0.0
2600,B,UK,4,53.19,0,0.0
2601,B,US,11,6.81,0,0.0
2602,A,DE,11,8.27,0,0.0
2603,B,DE,12,30.33,1,22.35
2604,A,UK,11,50.45,0,0.0
2605,B,US,14,18.74,0,0.0
2606,B,DE,6,0.91,1,4.4
2607,B,DE,9,48.61,0,0.0
2608,A,DE,9,40.28,0,0.0
2609,A,UK,7,20.52,0,0.0
2610,B,DE,12,2.36,0,0.0
2611,B,US,14,14.8,0,0.0
2612,B,UK,4,29.85,0,0.0
2613,B,US,8,15.3,0,0.0
2614,A,US,5,3.38,0,0.0
2615,A,US,8,27.58,0,0.0
2616,B,DE,12,,0,0.0
2617,A,DE,9,33.68,0,0.0
2618,A,DE,6,11.28,0,0.0
2619,A,DE,6,15.63,0,0.0
2620,A,US,11,31.14,0,0.0
2621,A,DE,7,60.71,0,0.0
2622,A,UK,2,35.19,0,0.0
2623,A,UK,6,28.76,0,0.0
2624,B,UK,3,58.36,0,0.0
2625,A,UK,3,15.06,1,15.83
2626,B,US,8,19.67,0,0.0
2627,A,DE,5,21.35,0,0.0
2628,A,US,4,24.15,0,0.0
2629,A,US,12,8.66,0,0.0
2630,A,US,3,32.38,0,0.0
2631,B,UK,10,13.37,0,0.0
2632,B,DE,13,40.65,0,0.0
2633,B,US,14,3.98,0,0.0
2634,B,US,13,41.18,0,0.0
2635,A,UK,14,11.8,0,0.0
2636,A,US,14,20.16,0,0.0
2637,A,UK,7,20.27,0,0.0
2638,B,US,4,21.46,0,0.0
2639,A,US,11,43.93,0,0.0
2640,A,US,6,22.85,0,0.0
2641,A,UK,10,4.3,0,0.0
2642,A,DE,9,33.05,0,0.0
2643,B,US,14,13.75,1,13.01
2644,A,US,5,14.84,0,0.0
2645,B,UK,13,41.78,0,0.0
2646,B,US,14,35.96,0,0.0
2647,B,UK,9,58.2,0,0.0
2648,B,US,9,6.84,0,0.0
2649,B,US,9,24.02,0,0.0
2650,A,US,11,18.46,0,0.0
2651,B,US,2,26.26,1,23.73
2652,A,US,1,30.58,0,0.0
2653,A,DE,10,42.32,0,0.0
2654,B,US,13,43.61,0,0.0
2655,B,US,13,31.1,0,0.0
2656,B,US,10,91.79,0,0.0
2657,A,UK,8,32.17,0,0.0
2658,B,US,8,58.29,0,0.0
2659,A,US,10,19.22,0,0.0
2660,B,UK,13,30.18,0,0.0
2661,B,US,10,16.69,0,0.0
2662,B,US,9,29.92,0,0.0
2663,B,DE,14,10.75,0,0.0
2664,B,UK,13,27.27,0,0.0
2665,A,US,1,23.76,0,0.0
2666,B,US,2,35.69,0,0.0
2667,B,US,2,16.67,0,0.0
2668,B,US,7,10.84,0,0.0
2669,B,US,10,15.85,0,0.0
2670,A,US,3,22.42,0,0.0
2671,B,US,11,8.48,0,0.0
2672,B,US,13,10.54,0,0.0
2673,B,US,12,23.96,0,0.0
2674,A,UK,9,56.64,0,0.0
2675,A,US,5,25.35,0,0.0
2676,B,UK,2,17.06,0,0.0
2677,A,US,13,17.5,0,0.0
2678,B,US,5,21.95,0,0.0
2679,B,DE,2,52.93,1,36.95
2680,B,US,9,27.05,1,18.53
2681,A,DE,1,58.74,0,0.0
2682,A,DE,2,18.8,0,0.0
2683,A,UK,10,31.83,0,0.0
2684,A,US,7,27.12,0,0.0
2685,A,US,6,13.48,0,0.0
2686,B,DE,6,16.17,0,0.0
2687,B,US,4,19.22,0,0.0
2688,B,DE,12,7.28,0,0.0
2689,B,UK,10,51.28,0,0.0
2690,B,US,6,20.87,1,14.57
2691,A,US,10,7.76,0,0.0
2692,A,US,11,58.99,0,0.0
2693,B,UK,8,27.38,0,0.0
2694,A,UK,6,30.73,1,23.08
2695,A,US,9,20.93,0,0.0
2696,B,UK,3,6.57,0,0.0
2697,A,US,3,59.69,0,0.0
2698,A,US,7,18.21,0,0.0
2699,B,US,5,47.6,0,0.0
2700,B,DE,5,19.12,0,0.0
2701,A,US,8,27.45,0,0.0
2702,A,UK,14,22.7,0,0.0
2703,A,US,2,10.34,0,0.0
2704,B,US,12,40.32,1,19.16
2705,B,UK,8,49.13,0,0.0
2706,A,US,14,13.68,0,0.0
2707,A,US,11,21.46,0,0.0
2708,A,UK,9,41.8,0,0.0
2709,A,US,10,5.01,0,0.0
2710,B,UK,5,7.91,1,14.03
2711,B,DE,8,13.53,1,16.37
2712,B,UK,12,61.37,0,0.0
2713,A,US,9,46.06,0,0.0
2714,A,US,9,13.88,0,0.0
2715,B,UK,13,4.3,1,10.86
2716,B,UK,14,63.17,0,0.0
2717,A,DE,13,55.9,0,0.0
2718,B,DE,14,74.94,1,48.13
2719,A,US,6,13.26,0,0.0
2720,B,UK,4,22.54,0,0.0
2721,A,US,12,17.49,0,0.0
2722,B,DE,2,22.63,0,0.0
2723,A,DE,13,17.79,0,0.0
2724,A,UK,9,4.62,0,0.0
2725,A,UK,1,22.12,0,0.0
2726,B,DE,7,28.63,0,0.0
2727,B,US,10,24.71,0,0.0
2728,B,US,2,52.93,1,31.96
2729,A,DE,2,,0,0.0
2730,B,DE,5,17.27,0,0.0
2731,B,US,10,13.33,0,0.0
2732,A,US,11,37.18,0,0.0
2733,B,UK,14,33.33,0,0.0
2734,B,US,5,20.45,0,0.0
2735,B,DE,9,30.11,0,0.0
2736,B,UK,8,31.27,1,29.85
2737,B,DE,1,7.13,0,0.0
2738,B,UK,3,34.16,0,0.0
2739,B,US,2,2.83,0,0.0
2740,A,UK,4,10.69,0,0.0
2741,A,US,1,42.85,0,0.0
2742,B,US,2,27.73,0,0.0
2743,B,DE,14,30.19,0,0.0
2744,A,US,9,7.89,0,0.0
2745,A,UK,2,21.07,1,18.76
2746,A,US,13,31.98,1,27.03
2747,B,US,9,49.02,0,0.0
2748,A,US,9,2.96,0,0.0
2749,A,DE,13,46.38,0,0.0
2750,A,DE,4,20.11,1,17.12
2751,A,UK,8,14.16,1,10.1
2752,A,UK,7,27.19,0,0.0
2753,A,US,9,13.81,0,0.0
2754,B,US,7,10.65,0,0.0
2755,A,UK,4,21.42,0,0.0
2756,B,DE,10,34.57,0,0.0
2757,B,DE,10,21.4,0,0.0
2758,A,UK,4,8.74,0,0.0
2759,B,UK,2,128.48,0,0.0
2760,B,US,1,17.44,0,0.0
2761,A,UK,1,14.2,0,0.0
2762,B,UK,7,17.34,0,0.0
2763,A,UK,14,11.35,0,0.0
2764,B,UK,7,,0,0.0
2765,B,US,1,21.16,0,0.0
2766,B,UK,2,19.94,0,0.0
2767,A,DE,4,10.27,0,0.0
2768,A,DE,12,5.07,0,0.0
2769,B,UK,5,47.84,0,0.0
2770,A,US,9,9.9,0,0.0
2771,B,UK,8,11.84,0,0.0
2772,B,UK,2,15.62,0,0.0
2773,B,US,1,17.85,1,16.65
2774,A,UK,12,50.86,0,0.0
2775,A,US,5,17.62,0,0.0
2776,A,US,9,8.87,1,9.84
2777,B,DE,8,33.19,0,0.0
2778,A,DE,13,18.6,0,0.0
2779,A,DE,4,18.59,0,0.0
2780,A,US,14,17.28,0,0.0
2781,B,US,2,46.81,0,0.0
2782,A,US,2,22.83,0,0.0
2783,A,UK,9,45.35,1,40.0
2784,B,US,5,17.09,0,0.0
2785,A,US,9,2.64,0,0.0
2786,A,US,10,34.69,0,0.0
2787,B,DE,6,61.1,0,0.0
2788,A,UK,7,4.76,0,0.0
2789,B,US,2,9.19,0,0.0
2790,B,US,1,52.67,0,0.0
2791,A,DE,10,62.66,0,0.0
2792,A,UK,1,70.31,0,0.0
2793,B,DE,9,21.02,0,0.0
2794,B,UK,2,5.97,0,0.0
2795,B,US,14,42.98,0,0.0
2796,A,DE,12,8.95,0,0.0
2797,B,US,9,42.85,0,0.0
2798,B,UK,8,12.54,0,0.0
2799,B,US,11,15.43,0,0.0
2800,B,US,1,12.06,1,13.82
2801,B,UK,8,48.88,0,0.0
2802,A,US,12,29.38,1,19.88
2803,B,DE,5,5.19,0,0.0
2804,B,US,8,61.12,0,0.0
2805,B,DE,3,22.42,0,0.0
2806,A,UK,6,53.62,0,0.0
2807,A,US,14,41.82,0,0.0
2808,A,DE,3,13.15,0,0.0
2809,A,DE,5,57.82,0,0.0
2810,B,US,7,79.44,1,44.95
2811,A,US,13,33.3,1,23.75
2812,A,US,5,39.75,0,0.0
2813,B,US,5,12.9,0,0.0
2814,A,US,3,28.58,0,0.0
2815,B,UK,11,25.25,0,0.0
2816,B,DE,12,36.76,0,0.0
2817,A,UK,7,74.39,0,0.0
2818,B,UK,8,10.91,0,0.0
2819,B,US,8,12.42,0,0.0
2820,B,UK,5,27.0,0,0.0
2821,A,US,1,57.42,1,37.82
2822,A,US,6,23.82,0,0.0
2823,B,UK,6,38.02,0,0.0
2824,A,US,7,20.45,0,0.0
2825,B,US,10,9.36,1,10.38
2826,A,US,8,22.2,0,0.0
2827,B,DE,13,79.14,0,0.0
2828,A,UK,12,37.71,0,0.0
2829,B,UK,2,39.77,0,0.0
2830,B,US,4,36.07,0,0.0
2831,B,UK,3,11.78,0,0.0
2832,B,DE,14,41.57,0,0.0
2833,A,US,9,65.64,1,38.39
2834,A,UK,1,19.14,0,0.0
2835,A,DE,3,13.1,0,0.0
2836,A,US,6,49.91,0,0.0
2837,A,US,9,24.4,0,0.0
2838,B,US,10,30.64,0,0.0
2839,B,US,10,29.13,0,0.0
2840,A,US,14,14.35,0,0.0
2841,A,UK,8,32.85,0,0.0
2842,B,UK,12,118.51,0,0.0
2843,B,US,1,20.12,0,0.0
2844,B,US,10,36.09,0,0.0
2845,B,US,12,45.14,0,0.0
2846,B,US,9,46.99,0,0.0
2847,B,US,13,82.61,0,0.0
2848,B,UK,11,48.65,0,0.0
2849,A,DE,9,12.81,0,0.0
2850,A,DE,13,15.07,0,0.0
2851,A,US,3,16.01,0,0.0
2852,A,US,2,21.22,0,0.0
2853,A,DE,5,21.94,0,0.0
2854,B,US,6,37.35,0,0.0
2855,A,UK,6,19.93,0,0.0
2856,A,DE,4,47.01,0,0.0
2857,A,UK,3,51.06,0,0.0
2858,B,US,3,26.19,0,0.0
2859,A,US,9,5.81,0,0.0
2860,A,UK,11,19.1,0,0.0
2861,A,DE,6,33.43,0,0.0
2862,A,UK,14,34.85,0,0.0
2863,A,US,11,6.08,0,0.0
2864,B,US,12,69.4,0,0.0
2865,A,UK,7,19.7,0,0.0
2866,A,US,6,67.06,0,0.0
2867,B,DE,8,19.68,0,0.0
2868,A,US,3,7.64,0,0.0
2869,B,US,5,9.7,0,0.0
2870,A,UK,5,12.8,0,0.0
2871,B,UK,3,34.03,1,31.99
2872,B,US,2,8.98,0,0.0
2873,B,US,12,58.04,0,0.0
2874,A,UK,10,20.37,0,0.0
2875,A,DE,5,25.23,0,0.0
2876,A,US,8,11.77,0,0.0
2877,B,US,6,66.14,0,0.0
2878,B,US,2,33.83,0,0.0
2879,B,US,6,33.51,0,0.0
2880,B,DE,8,20.01,0,0.0
2881,B,US,11,34.11,0,0.0
2882,B,US,2,28.02,1,26.81
2883,A,US,7,5.17,0,0.0
2884,A,DE,1,37.8,1,22.21
2885,A,US,5,24.23,0,0.0
2886,A,UK,9,31.12,0,0.0
2887,B,UK,10,67.8,0,0.0
2888,A,UK,4,14.86,0,0.0
2889,A,UK,7,28.43,0,0.0
2890,A,US,10,63.21,0,0.0
2891,B,UK,1,37.58,0,0.0
2892,B,US,14,39.99,1,25.06
2893,B,US,8,10.96,0,0.0
2894,A,DE,5,61.66,0,0.0
2895,B,US,10,36.73,0,0.0
2896,A,DE,4,25.63,0,0.0
2897,A,US,4,12.47,1,22.94
2898,B,US,8,8.07,0,0.0
2899,B,UK,11,52.28,0,0.0
2900,B,DE,2,21.09,0,0.0
2901,A,UK,8,31.79,0,0.0
2902,A,US,8,19.47,0,0.0
2903,B,US,2,69.84,0,0.0
2904,B,US,13,12.52,0,0.0
2905,B,DE,3,53.1,0,0.0
2906,A,US,2,28.92,1,19.51
2907,B,US,2,28.0,0,0.0
2908,A,US,9,26.23,0,0.0
2909,B,US,14,5.92,0,0.0
2910,B,DE,2,25.43,0,0.0
2911,B,US,3,7.87,0,0.0
2912,A,US,9,46.56,0,0.0
2913,B,US,7,26.98,0,0.0
2914,A,UK,8,33.37,0,0.0
2915,A,US,3,70.08,1,42.47
2916,A,UK,11,24.03,0,0.0
2917,B,UK,11,14.45,0,0.0
2918,B,DE,3,23.91,0,0.0
2919,B,UK,14,44.19,0,0.0
2920,A,DE,3,2.0,0,0.0
2921,A,UK,5,25.89,0,0.0
2922,A,US,12,27.17,0,0.0
2923,A,DE,6,72.71,0,0.0
2924,A,US,1,101.71,0,0.0
2925,B,UK,14,14.81,0,0.0
2926,A,DE,7,14.4,1,7.45
2927,A,US,8,36.97,0,0.0
2928,B,US,4,36.03,0,0.0
2929,A,UK,11,24.06,0,0.0
2930,A,US,11,44.23,0,0.0
2931,B,US,9,29.37,0,0.0
2932,A,US,9,50.21,0,0.0
2933,B,US,5,59.84,0,0.0
2934,B,UK,9,44.2,1,29.91
2935,B,UK,14,32.11,0,0.0
2936,B,UK,1,92.59,0,0.0
2937,A,UK,2,13.25,0,0.0
2938,B,DE,5,24.29,0,0.0
2939,A,UK,9,6.91,0,0.0
2940,B,US,1,23.74,1,19.31
2941,A,UK,11,9.37,0,0.0
2942,B,DE,2,2.6,1,1.6
2943,A,US,6,19.81,0,0.0
2944,A,US,9,10.24,0,0.0
2945,A,DE,8,43.95,0,0.0
2946,B,DE,4,31.27,0,0.0
2947,A,DE,9,15.56,0,0.0
2948,B,DE,4,39.93,0,0.0
2949,A,US,7,11.46,0,0.0
2950,B,UK,11,22.49,0,0.0
2951,A,US,8,27.53,0,0.0
2952,A,UK,10,20.4,0,0.0
2953,B,US,9,50.22,0,0.0
2954,B,UK,12,24.13,0,0.0
2955,A,US,10,20.36,0,0.0
2956,A,US,7,40.0,0,0.0
2957,B,UK,12,13.72,1,12.54
2958,A,US,12,21.31,0,0.0
2959,B,UK,2,6.29,0,0.0
2960,A,US,12,38.02,0,0.0
2961,B,UK,5,2.02,0,0.0
2962,A,UK,7,32.71,0,0.0
2963,A,DE,1,9.49,0,0.0
2964,A,US,9,14.21,0,0.0
2965,A,US,1,74.86,0,0.0
2966,A,US,5,17.68,0,0.0
2967,B,US,5,14.5,0,0.0
2968,A,US,1,48.4,0,0.0
2969,A,DE,1,26.22,0,0.0
2970,B,DE,4,21.41,0,0.0
2971,A,US,4,51.35,0,0.0
2972,B,US,8,15.43,0,0.0
2973,A,US,11,12.3,0,0.0
2974,A,DE,7,11.91,0,0.0
2975,B,DE,6,40.73,0,0.0
2976,A,US,6,88.12,0,0.0
2977,A,US,12,16.59,0,0.0
2978,A,US,14,17.18,0,0.0
2979,B,UK,13,40.09,0,0.0
2980,B,US,6,14.96,0,0.0
2981,A,DE,13,32.23,0,0.0
2982,B,US,11,52.47,0,0.0
2983,B,US,14,35.23,0,0.0
2984,B,DE,5,36.39,0,0.0
2985,A,US,13,28.61,1,22.45
2986,A,US,14,19.55,0,0.0
2987,B,DE,14,85.38,0,0.0
2988,B,DE,7,5.15,0,0.0
2989,B,UK,9,19.91,0,0.0
2990,B,UK,13,34.79,0,0.0
2991,B,US,5,4.62,0,0.0
2992,A,US,10,13.9,1,16.25
2993,A,US,13,27.58,0,0.0
2994,B,US,2,35.01,1,25.87
2995,A,DE,3,76.8,1,47.22
2996,A,US,2,24.55,0,0.0
2997,B,US,13,33.36,0,0.0
2998,A,US,14,45.73,0,0.0
2999,A,UK,14,16.38,0,0.0
3000,B,US,13,33.94,0,0.0
3001,B,DE,3,47.88,0,0.0
3002,B,US,12,58.41,0,0.0
3003,B,DE,8,13.96,0,0.0
3004,B,UK,3,15.16,0,0.0
3005,A,US,7,46.37,0,0.0
3006,B,US,3,43.5,0,0.0
3007,B,US,6,19.03,1,11.4
3008,A,US,11,13.29,0,0.0
3009,B,UK,4,27.41,0,0.0
3010,B,US,4,40.74,1,23.82
3011,B,UK,13,9.21,0,0.0
3012,A,DE,13,21.13,0,0.0
3013,B,US,7,42.9,0,0.0
3014,B,UK,13,19.67,0,0.0
3015,B,US,12,9.52,0,0.0
3016,A,UK,13,8.64,0,0.0
3017,A,DE,14,34.28,0,0.0
3018,B,DE,6,11.86,0,0.0
3019,A,UK,11,28.41,0,0.0
3020,B,US,13,7.28,0,0.0
3021,B,DE,8,46.84,1,30.37
3022,A,US,5,15.15,0,0.0
3023,A,US,8,39.74,0,0.0
3024,A,US,2,34.11,0,0.0
3025,A,US,9,34.43,0,0.0
3026,B,DE,1,26.75,1,24.63
3027,B,DE,1,49.39,0,0.0
3028,B,US,12,2.94,0,0.0
3029,A,US,5,33.55,0,0.0
3030,A,US,4,29.32,0,0.0
3031,A,US,9,11.91,0,0.0
3032,B,US,3,20.0,0,0.0
3033,B,DE,9,12.25,0,0.0
3034,B,UK,4,47.43,0,0.0
3035,B,US,8,5.98,0,0.0
3036,A,US,2,7.26,0,0.0
3037,A,DE,5,25.01,0,0.0
3038,A,UK,7,9.78,0,0.0
3039,A,DE,14,22.28,0,0.0
3040,A,US,5,31.88,1,17.35
3041,A,UK,2,28.29,1,21.4
3042,B,US,14,29.03,0,0.0
3043,B,US,5,22.19,0,0.0
3044,A,US,11,54.56,1,33.76
3045,A,US,14,11.03,0,0.0
3046,B,DE,9,33.11,0,0.0
3047,A,DE,1,23.04,0,0.0
3048,A,US,10,2.71,0,0.0
3049,B,DE,10,21.86,0,0.0
3050,A,US,2,25.33,0,0.0
3051,B,US,10,40.17,0,0.0
3052,A,UK,13,33.75,0,0.0
3053,B,UK,3,15.05,0,0.0
3054,A,US,1,19.79,0,0.0
3055,B,US,5,22.45,0,0.0
3056,A,DE,13,30.12,0,0.0
3057,B,UK,3,27.82,0,0.0
3058,A,US,6,13.37,0,0.0
3059,A,DE,11,17.28,0,0.0
3060,B,UK,14,11.87,0,0.0
3061,B,US,6,57.33,0,0.0
3062,B,US,10,60.07,0,0.0
3063,A,US,3,22.22,0,0.0
3064,B,DE,2,27.11,0,0.0
3065,B,US,12,57.41,0,0.0
3066,A,US,14,96.65,0,0.0
3067,A,US,8,26.55,0,0.0
3068,B,UK,2,29.21,0,0.0
3069,B,US,3,18.1,0,0.0
3070,A,DE,8,29.5,0,0.0
3071,A,UK,4,27.3,0,0.0
3072,A,UK,7,48.41,0,0.0
3073,A,DE,12,47.0,0,0.0
3074,A,US,13,27.16,0,0.0
3075,A,US,3,20.9,0,0.0
3076,B,DE,3,12.46,0,0.0
3077,B,DE,5,16.39,0,0.0
3078,A,UK,11,30.38,0,0.0
3079,A,US,3,36.14,0,0.0
3080,A,US,10,17.08,0,0.0
3081,B,US,1,33.82,0,0.0
3082,A,US,11,24.44,0,0.0
3083,A,DE,4,15.35,0,0.0
3084,B,DE,1,34.92,0,0.0
3085,B,US,11,23.54,0,0.0
3086,B,UK,3,29.35,0,0.0
3087,A,UK,7,35.16,0,0.0
3088,A,US,13,18.68,0,0.0
3089,A,US,13,32.87,1,25.03
3090,B,US,13,30.85,0,0.0
3091,A,US,5,3.53,0,0.0
3092,B,UK,12,19.18,0,0.0
3093,B,UK,2,16.51,1,15.44
3094,A,UK,4,30.66,0,0.0
3095,B,DE,8,3.82,1,1.51
3096,A,US,14,61.16,0,0.0
3097,A,DE,4,7.77,0,0.0
3098,B,US,6,19.08,0,0.0
3099,B,UK,7,45.29,0,0.0
3100,A,US,7,60.06,1,44.97
3101,A,UK,12,27.38,1,20.22
3102,A,US,9,50.39,0,0.0
3103,A,US,3,46.62,0,0.0
3104,B,DE,4,42.59,0,0.0
3105,B,DE,9,49.12,0,0.0
3106,B,US,8,27.36,1,25.41
3107,A,UK,6,37.42,0,0.0
3108,A,UK,14,9.9,0,0.0
3109,A,US,12,34.15,0,0.0
3110,B,US,13,7.0,0,0.0
3111,B,US,14,54.61,0,0.0
3112,B,DE,13,52.83,0,0.0
3113,A,US,4,44.57,1,32.45
3114,A,US,13,21.08,0,0.0
3115,A,UK,10,24.78,0,0.0
3116,B,US,9,20.42,0,0.0
3117,B,US,14,12.93,1,5.51
3118,A,UK,6,14.95,0,0.0
3119,B,DE,4,17.61,0,0.0
3120,A,US,3,22.31,0,0.0
3121,A,UK,8,36.42,0,0.0
3122,A,US,11,11.49,0,0.0
3123,B,US,10,2.95,1,9.47
3124,B,UK,5,11.71,0,0.0
3125,A,US,1,36.98,0,0.0
3126,A,DE,2,21.08,0,0.0
3127,A,US,8,7.05,0,0.0
3128,B,UK,14,74.77,1,55.22
3129,B,US,4,18.53,0,0.0
3130,B,US,5,14.5,0,0.0
3131,A,US,6,10.86,0,0.0
3132,A,US,3,20.92,0,0.0
3133,A,DE,3,31.06,0,0.0
3134,B,UK,8,16.49,0,0.0
3135,A,US,1,6.08,1,10.09
3136,A,DE,7,53.34,0,0.0
3137,B,US,1,42.09,0,0.0
3138,A,US,5,23.52,1,16.57
3139,B,UK,12,18.24,0,0.0
3140,B,US,6,19.15,0,0.0
3141,A,US,4,19.61,0,0.0
3142,A,UK,2,43.91,0,0.0
3143,B,UK,7,33.89,0,0.0
3144,B,UK,8,11.11,0,0.0
3145,A,UK,4,14.36,1,14.11
3146,B,US,11,14.15,1,5.86
3147,B,DE,8,25.85,0,0.0
3148,A,US,7,21.52,0,0.0
3149,A,US,13,15.83,0,0.0
3150,A,US,5,23.0,0,0.0
3151,A,US,8,3.28,1,0.33
3152,B,UK,1,18.14,0,0.0
3153,A,UK,9,19.71,0,0.0
3154,B,US,1,20.86,0,0.0
3155,A,UK,3,14.91,0,0.0
3156,A,UK,9,5.0,0,0.0
3157,B,UK,9,52.53,0,0.0
3158,A,US,14,26.72,0,0.0
3159,B,US,12,36.5,0,0.0
3160,B,UK,2,55.92,0,0.0
3161,A,US,8,74.78,0,0.0
3162,A,UK,13,71.18,0,0.0
3163,B,US,2,50.82,0,0.0
3164,A,US,1,11.88,0,0.0
3165,B,DE,10,26.55,0,0.0
3166,B,DE,13,52.12,0,0.0
3167,B,US,9,31.58,0,0.0
3168,B,US,1,13.46,1,10.18
3169,A,UK,2,17.85,0,0.0
3170,A,DE,11,28.33,0,0.0
3171,A,UK,5,6.21,0,0.0
3172,B,US,14,20.99,0,0.0
3173,B,US,9,28.93,0,0.0
3174,A,US,2,12.37,0,0.0
3175,B,US,8,,0,0.0
3176,A,UK,3,11.54,0,0.0
3177,A,UK,14,25.8,0,0.0
3178,A,UK,2,44.71,0,0.0
3179,A,UK,8,81.63,1,53.22
3180,A,US,13,30.68,0,0.0
3181,A,UK,12,4.85,0,0.0
3182,A,US,3,16.88,0,0.0
3183,A,US,6,45.14,0,0.0
3184,B,UK,8,14.34,0,0.0
3185,A,US,5,21.89,0,0.0
3186,B,DE,11,27.35,0,0.0
3187,B,DE,12,36.61,0,0.0
3188,A,UK,10,26.35,0,0.0
3189,B,US,9,43.07,0,0.0
3190,B,US,13,36.81,0,0.0
3191,B,US,7,41.85,0,0.0
3192,A,DE,10,26.38,0,0.0
3193,B,DE,7,10.7,0,0.0
3194,A,DE,13,39.73,0,0.0
3195,B,US,9,32.35,0,0.0
3196,B,US,4,30.1,1,20.32
3197,A,US,6,72.59,0,0.0
3198,B,US,8,40.84,0,0.0
3199,A,US,3,10.11,1,9.05
3200,B,US,6,31.13,0,0.0
3201,A,US,2,28.48,0,0.0
3202,A,US,1,26.04,0,0.0
3203,B,UK,9,33.53,0,0.0
3204,A,US,1,43.81,0,0.0
3205,B,US,6,68.07,0,0.0
3206,B,DE,8,52.94,0,0.0
3207,A,US,8,15.93,0,0.0
3208,A,UK,11,2.84,0,0.0
3209,B,DE,11,24.74,0,0.0
3210,B,US,12,,0,0.0
3211,A,US,14,18.04,0,0.0
3212,A,US,13,35.25,0,0.0
3213,B,UK,1,12.75,1,16.74
3214,B,US,13,14.42,0,0.0
3215,B,US,3,20.51,0,0.0
3216,B,UK,10,21.05,0,0.0
3217,A,US,7,63.57,0,0.0
3218,B,US,6,21.71,0,0.0
3219,B,DE,14,30.18,0,0.0
3220,B,DE,7,32.06,0,0.0
3221,B,US,1,13.13,0,0.0
3222,B,UK,4,33.37,0,0.0
3223,B,US,12,37.12,0,0.0
3224,B,US,5,26.13,1,19.21
3225,A,UK,10,84.72,0,0.0
3226,B,UK,12,28.9,1,23.36
3227,B,UK,4,22.77,1,22.48
3228,A,UK,7,44.24,1,28.09
3229,A,US,13,24.8,0,0.0
3230,B,US,1,33.37,0,0.0
3231,A,UK,9,43.87,0,0.0
3232,A,US,6,16.15,1,16.33
3233,A,US,14,38.39,0,0.0
3234,A,US,3,43.09,1,31.68
3235,A,UK,14,9.56,0,0.0
3236,A,US,4,5.35,0,0.0
3237,B,DE,5,28.79,0,0.0
3238,B,US,1,32.31,0,0.0
3239,B,US,1,23.97,1,18.21
3240,B,US,3,31.7,0,0.0
3241,A,UK,14,27.39,0,0.0
3242,A,DE,2,31.47,0,0.0
3243,B,UK,4,51.7,0,0.0
3244,A,US,9,20.8,0,0.0
3245,B,UK,5,23.76,0,0.0
3246,A,US,4,39.48,0,0.0
3247,B,UK,7,18.2,0,0.0
3248,A,US,8,70.69,0,0.0
3249,B,US,8,59.07,0,0.0
3250,B,UK,13,59.29,0,0.0
3251,A,DE,10,14.61,0,0.0
3252,A,US,13,7.18,0,0.0
3253,B,UK,3,20.63,0,0.0
3254,A,US,2,59.53,0,0.0
3255,A,DE,2,20.63,1,16.53
3256,A,UK,10,21.73,0,0.0
3257,B,DE,3,35.11,1,27.28
3258,B,US,2,11.88,0,0.0
3259,B,US,4,21.3,0,0.0
3260,B,UK,13,11.42,0,0.0
3261,B,DE,12,59.37,0,0.0
3262,B,UK,13,28.47,0,0.0
3263,A,US,9,65.5,0,0.0
3264,A,US,8,55.03,0,0.0
3265,B,UK,4,29.19,0,0.0
3266,A,UK,6,30.75,0,0.0
3267,B,DE,1,12.09,0,0.0
3268,A,US,2,14.19,1,11.67
3269,A,US,7,13.13,0,0.0
3270,B,UK,11,41.98,0,0.0
3271,A,DE,4,16.11,0,0.0
3272,B,US,1,70.37,0,0.0
3273,A,UK,3,54.37,0,0.0
3274,A,US,2,10.66,0,0.0
3275,B,US,11,25.89,1,9.02
3276,A,US,11,25.75,0,0.0
3277,B,US,6,10.49,1,6.5
3278,B,US,6,28.78,0,0.0
3279,B,US,13,10.36,0,0.0
3280,B,US,13,18.41,0,0.0
3281,B,DE,7,8.96,0,0.0
3282,B,US,5,4.51,0,0.0
3283,B,US,13,16.47,0,0.0
3284,B,US,12,13.76,0,0.0
3285,B,US,5,18.01,0,0.0
3286,B,US,8,22.74,0,0.0
3287,A,US,14,24.56,0,0.0
3288,A,UK,13,12.94,0,0.0
3289,B,UK,5,24.57,0,0.0
3290,A,UK,11,41.44,0,0.0
3291,B,UK,7,17.38,0,0.0
3292,A,DE,14,4.13,0,0.0
3293,B,US,9,9.61,0,0.0
3294,A,US,11,,0,0.0
3295,A,UK,11,17.67,0,0.0
3296,B,DE,12,34.0,0,0.0
3297,B,US,7,28.8,0,0.0
3298,B,DE,10,15.99,0,0.0
3299,B,UK,7,8.57,0,0.0
3300,B,DE,12,36.78,0,0.0
3301,A,DE,14,26.78,0,0.0
3302,A,UK,4,20.55,0,0.0
3303,A,UK,7,25.08,0,0.0
3304,A,UK,9,28.5,0,0.0
3305,B,US,3,26.06,0,0.0
3306,B,UK,11,84.18,0,0.0
3307,A,US,6,35.8,0,0.0
3308,A,UK,11,4.98,0,0.0
3309,B,US,11,50.54,1,37.65
3310,A,UK,8,51.59,0,0.0
3311,B,UK,9,19.57,0,0.0
3312,B,UK,6,54.44,0,0.0
3313,B,US,1,34.19,0,0.0
3314,B,US,9,5.71,1,8.73
3315,A,UK,7,13.86,0,0.0
3316,B,US,5,16.89,0,0.0
3317,B,UK,6,25.5,0,0.0
3318,B,US,1,15.27,0,0.0
3319,B,US,1,32.62,0,0.0
3320,A,US,1,19.0,1,19.8
3321,B,US,13,24.77,0,0.0
3322,B,DE,7,31.52,0,0.0
3323,A,US,8,53.85,0,0.0
3324,B,US,10,37.08,0,0.0
3325,A,US,3,39.42,0,0.0
3326,B,US,1,0.96,0,0.0
3327,A,US,3,43.65,0,0.0
3328,A,UK,4,12.15,0,0.0
3329,B,UK,7,22.85,0,0.0
3330,B,UK,13,24.12,0,0.0
3331,B,UK,6,5.64,0,0.0
3332,B,UK,7,48.81,0,0.0
3333,A,US,4,12.51,0,0.0
3334,A,UK,14,19.8,0,0.0
3335,A,US,4,23.88,1,17.96
3336,B,US,11,6.31,0,0.0
3337,A,UK,12,22.25,0,0.0
3338,A,DE,7,79.07,0,0.0
3339,A,US,5,32.57,1,24.11
3340,B,UK,3,39.19,0,0.0
3341,A,UK,2,21.03,0,0.0
3342,B,US,11,51.36,0,0.0
3343,A,UK,2,32.25,0,0.0
3344,B,DE,13,45.29,0,0.0
3345,B,US,13,50.95,0,0.0
3346,A,US,12,18.91,1,15.57
3347,B,DE,2,84.81,1,60.27
3348,B,UK,11,5.46,0,0.0
3349,A,US,9,55.57,0,0.0
3350,A,DE,13,17.2,1,13.23
3351,A,US,3,44.51,0,0.0
3352,A,US,6,12.94,0,0.0
3353,B,DE,4,34.29,0,0.0
3354,B,US,2,24.48,1,19.65
3355,B,US,7,21.42,0,0.0
3356,A,DE,14,23.9,0,0.0
3357,A,DE,13,5.63,0,0.0
3358,B,UK,1,76.28,0,0.0
3359,A,DE,4,57.94,0,0.0
3360,A,US,14,16.24,0,0.0
3361,B,US,4,24.56,0,0.0
3362,A,US,13,30.12,0,0.0
3363,B,UK,9,19.5,0,0.0
3364,B,US,4,45.56,1,33.16
3365,A,DE,13,38.68,0,0.0
3366,B,DE,7,12.16,0,0.0
3367,A,US,11,31.22,0,0.0
3368,A,US,3,78.88,0,0.0
3369,B,US,8,22.59,1,15.8
3370,A,UK,2,41.32,0,0.0
3371,B,US,7,76.33,1,47.22
3372,B,UK,14,7.46,0,0.0
3373,A,UK,13,15.24,0,0.0
3374,A,US,12,9.55,0,0.0
3375,B,US,8,20.93,0,0.0
3376,A,DE,10,40.73,0,0.0
3377,A,US,6,23.65,0,0.0
3378,B,US,11,34.95,0,0.0
3379,B,DE,12,11.01,0,0.0
3380,A,US,12,21.76,0,0.0
3381,B,US,11,21.5,0,0.0
3382,A,US,11,21.0,0,0.0
3383,A,DE,14,21.36,0,0.0
3384,A,UK,7,45.5,0,0.0
3385,A,US,13,20.47,0,0.0
3386,B,UK,7,6.48,0,0.0
3387,A,DE,8,13.19,0,0.0
3388,B,US,1,39.75,0,0.0
3389,B,DE,5,12.6,0,0.0
3390,B,UK,5,58.9,0,0.0
3391,B,DE,2,39.52,0,0.0
3392,A,US,14,17.12,0,0.0
3393,A,US,13,15.0,0,0.0
3394,A,US,10,5.37,0,0.0
3395,B,UK,5,15.04,0,0.0
3396,A,US,12,14.89,0,0.0
3397,B,US,9,16.39,0,0.0
3398,B,UK,3,49.91,0,0.0
3399,A,UK,13,38.53,0,0.0
3400,A,US,12,48.16,0,0.0
3401,A,US,10,5.23,0,0.0
3402,B,US,11,24.91,0,0.0
3403,A,DE,1,30.36,0,0.0
3404,A,US,7,43.55,0,0.0
3405,A,US,2,47.02,1,28.5
3406,B,UK,10,62.01,0,0.0
3407,B,US,12,23.74,0,0.0
3408,A,UK,2,11.95,0,0.0
3409,B,US,13,31.85,0,0.0
3410,B,US,3,23.29,0,0.0
3411,B,US,8,23.84,0,0.0
3412,A,DE,1,20.46,0,0.0
3413,B,US,13,27.14,0,0.0
3414,B,UK,6,39.6,1,33.45
3415,B,DE,8,7.3,0,0.0
3416,B,US,1,40.96,0,0.0
3417,B,UK,7,53.8,0,0.0
3418,B,US,11,17.96,0,0.0
3419,B,DE,6,3.33,0,0.0
3420,B,US,10,26.75,0,0.0
3421,A,US,1,32.29,1,26.48
3422,B,DE,10,13.44,0,0.0
3423,B,US,12,56.05,0,0.0
3424,A,DE,3,32.64,0,0.0
3425,B,US,5,17.62,0,0.0
3426,A,US,12,41.92,0,0.0
3427,B,DE,2,41.31,0,0.0
3428,B,UK,7,21.21,0,0.0
3429,A,US,5,26.68,0,0.0
3430,A,US,10,64.06,0,0.0
3431,B,UK,9,40.05,0,0.0
3432,B,UK,3,30.49,0,0.0
3433,B,DE,4,12.32,0,0.0
3434,B,UK,6,10.76,1,15.25
3435,B,US,9,75.15,0,0.0
3436,B,US,2,100.73,0,0.0
3437,B,US,13,82.13,0,0.0
3438,B,US,6,10.35,0,0.0
3439,B,US,6,9.85,0,0.0
3440,A,UK,4,6.74,0,0.0
3441,A,US,10,35.78,0,0.0
3442,A,US,2,26.26,0,0.0
3443,A,US,8,,0,0.0
3444,B,DE,6,24.91,0,0.0
3445,B,UK,14,20.67,0,0.0
3446,B,US,12,28.71,0,0.0
3447,B,US,11,27.1,0,0.0
3448,B,DE,10,21.04,0,0.0
3449,A,US,5,7.19,0,0.0
3450,B,UK,5,90.45,0,0.0
3451,A,US,12,44.64,0,0.0
3452,B,UK,13,22.34,0,0.0
3453,A,US,11,14.67,0,0.0
3454,B,DE,14,33.0,0,0.0
3455,B,DE,10,55.78,0,0.0
3456,B,US,8,31.04,0,0.0
3457,A,US,10,5.45,0,0.0
3458,B,UK,9,19.23,0,0.0
3459,A,UK,3,16.1,0,0.0
3460,B,UK,8,19.4,0,0.0
3461,B,US,9,41.66,0,0.0
3462,B,US,10,1.82,1,3.17
3463,A,DE,2,29.65,0,0.0
3464,A,US,12,27.03,0,0.0
3465,A,US,11,24.22,0,0.0
3466,B,UK,13,93.96,0,0.0
3467,A,DE,1,2.46,0,0.0
3468,B,US,8,17.94,0,0.0
3469,A,DE,4,9.46,0,0.0
3470,A,UK,9,15.8,0,0.0
3471,A,UK,6,34.19,0,0.0
3472,B,US,8,9.53,0,0.0
3473,B,US,13,27.91,0,0.0
3474,B,US,7,12.69,0,0.0
3475,B,US,4,18.95,0,0.0
3476,A,US,3,16.29,0,0.0
3477,A,US,3,15.61,0,0.0
3478,A,US,13,36.69,0,0.0
3479,B,UK,13,19.58,0,0.0
3480,B,UK,1,9.44,1,10.87
3481,B,UK,2,8.09,0,0.0
3482,A,DE,3,9.94,0,0.0
3483,A,DE,10,20.83,0,0.0
3484,B,UK,11,18.31,0,0.0
3485,A,US,1,15.44,0,0.0
3486,B,DE,3,17.37,1,15.43
3487,A,US,11,6.89,0,0.0
3488,B,UK,7,8.36,0,0.0
3489,A,US,12,30.93,0,0.0
3490,B,US,14,10.4,0,0.0
3491,B,UK,11,28.27,0,0.0
3492,A,UK,3,16.72,0,0.0
3493,A,US,8,73.45,0,0.0
3494,A,US,6,73.86,0,0.0
3495,A,DE,14,25.23,0,0.0
3496,B,DE,5,15.03,0,0.0
3497,B,UK,2,4.82,0,0.0
3498,A,US,8,16.3,0,0.0
3499,A,US,6,25.18,0,0.0
3500,A,US,9,12.34,0,0.0
3501,A,US,1,39.4,0,0.0
3502,B,US,8,54.89,0,0.0
3503,B,US,7,19.9,0,0.0
3504,A,UK,1,31.16,0,0.0
3505,A,DE,13,31.45,0,0.0
3506,B,UK,7,23.27,0,0.0
3507,B,US,10,80.26,0,0.0
3508,A,US,11,58.17,1,35.74
3509,A,UK,6,11.92,0,0.0
3510,A,US,8,21.13,0,0.0
3511,A,US,13,2.66,0,0.0
3512,A,DE,2,3.55,0,0.0
3513,B,US,3,29.42,0,0.0
3514,A,DE,3,11.44,0,0.0
3515,B,US,14,24.18,0,0.0
3516,B,US,10,19.17,0,0.0
3517,B,DE,13,64.75,0,0.0
3518,A,US,6,15.17,0,0.0
3519,B,DE,12,51.38,0,0.0
3520,A,US,5,9.13,0,0.0
3521,A,UK,6,40.65,0,0.0
3522,A,US,14,27.68,0,0.0
3523,B,US,4,79.16,0,0.0
3524,B,US,12,47.87,0,0.0
3525,A,US,14,30.56,0,0.0
3526,B,UK,6,69.02,0,0.0
3527,A,DE,11,23.53,0,0.0
3528,B,US,3,23.32,1,26.39
3529,A,US,4,12.35,0,0.0
3530,B,UK,3,20.52,0,0.0
3531,A,DE,9,98.2,0,0.0
3532,A,US,9,57.38,0,0.0
3533,A,US,14,36.65,0,0.0
3534,A,US,12,3.17,1,8.72
3535,B,US,5,11.28,0,0.0
3536,B,US,5,34.25,0,0.0
3537,A,US,8,43.96,0,0.0
3538,A,US,13,15.69,0,0.0
3539,A,DE,5,27.42,0,0.0
3540,B,DE,1,10.7,0,0.0
3541,B,UK,9,1.94,0,0.0
3542,A,DE,9,18.82,0,0.0
3543,B,US,6,36.92,0,0.0
3544,B,UK,2,8.31,0,0.0
3545,A,UK,9,51.21,0,0.0
3546,A,US,13,16.9,0,0.0
3547,A,US,6,11.36,0,0.0
3548,A,US,10,36.58,1,25.39
3549,A,US,4,18.11,0,0.0
3550,B,US,4,17.11,0,0.0
3551,A,DE,1,17.24,0,0.0
3552,B,DE,3,5.52,0,0.0
3553,B,US,1,27.63,0,0.0
3554,A,US,13,35.35,0,0.0
3555,A,DE,14,9.43,0,0.0
3556,B,US,9,9.31,0,0.0
3557,B,US,10,49.5,0,0.0
3558,B,DE,10,34.03,0,0.0
3559,A,US,1,26.63,0,0.0
3560,B,UK,14,19.68,0,0.0
3561,B,DE,6,14.95,0,0.0
3562,A,US,6,17.07,1,10.25
3563,A,US,2,16.23,0,0.0
3564,B,US,4,14.6,1,10.48
3565,B,DE,5,9.2,0,0.0
3566,B,US,5,17.8,0,0.0
3567,A,US,14,16.89,0,0.0
3568,A,US,3,47.0,0,0.0
3569,B,UK,6,65.44,0,0.0
3570,B,DE,2,8.34,0,0.0
3571,A,UK,9,52.64,0,0.0
3572,B,DE,6,54.75,0,0.0
3573,A,UK,3,2.54,0,0.0
3574,A,UK,11,41.95,0,0.0
3575,B,DE,9,19.02,0,0.0
3576,A,UK,6,103.21,0,0.0
3577,B,UK,4,75.01,0,0.0
3578,A,US,3,58.63,0,0.0
3579,B,US,2,45.76,0,0.0
3580,B,UK,3,41.45,0,0.0
3581,A,UK,7,1.2,0,0.0
3582,A,DE,3,18.9,0,0.0
3583,B,DE,14,36.34,0,0.0
3584,A,US,10,29.4,0,0.0
3585,A,DE,7,26.54,0,0.0
3586,B,US,10,14.34,0,0.0
3587,A,UK,13,13.04,1,8.91
3588,A,US,3,6.52,0,0.0
3589,B,DE,11,49.99,0,0.0
3590,B,DE,9,2.57,0,0.0
3591,A,UK,5,9.76,0,0.0
3592,A,US,4,48.45,0,0.0
3593,B,UK,6,2.98,0,0.0
3594,B,DE,11,7.88,0,0.0
3595,B,UK,9,60.61,0,0.0
3596,A,US,7,29.22,0,0.0
3597,A,UK,5,46.95,0,0.0
3598,A,US,9,54.0,0,0.0
3599,A,US,1,28.73,0,0.0
3600,A,DE,10,33.68,0,0.0
3601,A,US,13,13.53,0,0.0
3602,B,UK,7,65.22,0,0.0
3603,B,DE,4,18.82,1,14.02
3604,B,US,2,24.78,0,0.0
3605,A,UK,3,42.88,0,0.0
3606,A,US,14,19.34,0,0.0
3607,A,US,12,28.38,0,0.0
3608,A,US,5,37.21,1,26.26
3609,B,US,9,25.14,1,28.13
3610,A,US,7,30.98,0,0.0
3611,B,DE,4,17.82,0,0.0
3612,B,US,1,15.74,0,0.0
3613,A,US,13,68.64,0,0.0
3614,B,DE,8,26.18,0,0.0
3615,A,US,5,9.66,0,0.0
3616,A,US,13,29.81,0,0.0
3617,A,US,13,59.09,0,0.0
3618,A,US,4,17.33,0,0.0
3619,A,US,4,62.66,0,0.0
3620,B,US,11,56.91,0,0.0
3621,B,DE,3,31.09,0,0.0
3622,A,US,11,24.3,0,0.0
3623,B,DE,2,31.28,1,28.81
3624,A,UK,8,45.76,0,0.0
3625,B,DE,5,23.94,0,0.0
3626,B,US,8,12.69,0,0.0
3627,B,DE,13,54.33,0,0.0
3628,A,UK,10,39.76,0,0.0
3629,B,UK,8,49.78,0,0.0
3630,B,US,3,7.85,0,0.0
3631,B,UK,9,61.78,0,0.0
3632,B,DE,7,44.4,0,0.0
3633,A,DE,14,7.59,0,0.0
3634,A,US,6,69.15,0,0.0
3635,A,US,4,4.6,0,0.0
3636,A,US,10,39.24,1,34.54
3637,A,UK,12,29.97,0,0.0
3638,B,US,3,11.13,0,0.0
3639,A,US,10,49.23,0,0.0
3640,A,DE,1,41.42,0,0.0
3641,A,US,14,7.43,0,0.0
3642,B,DE,6,14.23,0,0.0
3643,B,DE,4,24.61,0,0.0
3644,B,DE,4,33.54,0,0.0
3645,B,UK,10,26.22,0,0.0
3646,B,DE,7,41.09,0,0.0
3647,B,DE,7,36.51,0,0.0
3648,A,DE,9,15.74,0,0.0
3649,B,US,14,78.43,1,54.3
3650,B,UK,11,42.31,0,0.0
3651,B,UK,10,53.12,0,0.0
3652,B,DE,14,19.64,0,0.0
3653,A,UK,3,6.5,1,10.7
3654,A,DE,5,12.92,0,0.0
3655,B,US,12,32.93,1,26.65
3656,B,DE,3,9.07,0,0.0
3657,B,US,11,9.54,1,10.09
3658,B,UK,13,42.04,0,0.0
3659,B,US,14,14.65,1,20.34
3660,B,US,9,64.11,0,0.0
3661,B,DE,11,2.55,1,4.3
3662,A,DE,7,9.58,0,0.0
3663,B,DE,6,38.22,0,0.0
3664,A,US,6,15.16,0,0.0
3665,A,US,11,85.87,0,0.0
3666,A,UK,9,19.99,0,0.0
3667,A,US,4,21.78,0,0.0
3668,A,DE,5,29.11,0,0.0
3669,B,DE,2,47.13,1,36.01
3670,A,UK,8,10.79,0,0.0
3671,B,UK,8,46.0,0,0.0
3672,A,US,7,7.44,0,0.0
3673,A,US,8,5.16,0,0.0
3674,A,DE,8,14.7,0,0.0
3675,A,UK,11,33.88,1,19.18
3676,B,US,6,44.07,0,0.0
3677,B,US,2,28.09,1,20.01
3678,A,UK,10,13.53,0,0.0
3679,A,US,4,16.82,1,15.85
3680,A,US,10,16.12,0,0.0
3681,A,UK,6,5.18,0,0.0
3682,A,US,11,24.38,0,0.0
3683,A,UK,8,31.42,1,30.17
3684,B,DE,2,,0,0.0
3685,A,UK,1,1.04,0,0.0
3686,B,UK,9,5.87,0,0.0
3687,B,UK,8,3.15,0,0.0
3688,A,UK,12,51.88,0,0.0
3689,B,DE,8,16.47,0,0.0
3690,B,US,13,28.51,0,0.0
3691,B,UK,2,19.61,0,0.0
3692,B,UK,3,41.13,0,0.0
3693,A,UK,14,38.19,0,0.0
3694,A,DE,11,26.33,0,0.0
3695,A,US,13,15.16,0,0.0
3696,B,US,3,15.7,0,0.0
3697,A,DE,14,26.95,0,0.0
3698,B,US,3,52.98,1,36.92
3699,A,UK,6,15.75,0,0.0
3700,B,US,2,9.71,1,12.56
3701,A,UK,14,47.27,0,0.0
3702,B,US,3,22.48,1,23.51
3703,A,US,3,19.12,0,0.0
3704,A,US,8,16.57,0,0.0
3705,B,UK,1,17.11,0,0.0
3706,B,US,12,15.57,0,0.0
3707,A,US,14,24.79,0,0.0
3708,B,UK,3,23.2,0,0.0
3709,B,US,14,50.34,0,0.0
3710,A,US,12,32.38,0,0.0
3711,B,US,3,53.5,0,0.0
3712,B,US,5,13.32,0,0.0
3713,B,UK,5,40.25,1,29.52
3714,B,DE,3,80.66,0,0.0
3715,B,DE,5,24.1,0,0.0
3716,A,US,10,21.0,0,0.0
3717,B,DE,2,62.61,0,0.0
3718,A,US,9,3.89,1,2.97
3719,A,DE,9,24.55,0,0.0
3720,B,US,8,65.01,0,0.0
3721,A,UK,14,28.6,0,0.0
3722,A,US,9,14.24,0,0.0
3723,A,UK,13,32.06,0,0.0
3724,B,US,14,55.42,0,0.0
3725,B,DE,2,58.13,0,0.0
3726,B,DE,4,39.29,0,0.0
3727,B,UK,12,12.76,0,0.0
3728,A,UK,10,44.15,0,0.0
3729,A,UK,6,31.63,0,0.0
3730,A,UK,7,35.86,0,0.0
3731,B,US,9,45.11,1,37.2
3732,A,DE,5,31.44,0,0.0
3733,A,UK,8,17.12,1,16.45
3734,A,UK,2,11.4,0,0.0
3735,A,US,11,17.26,0,0.0
3736,B,US,1,6.32,0,0.0
3737,A,DE,10,56.54,0,0.0
3738,B,DE,6,15.7,0,0.0
3739,B,DE,4,19.69,0,0.0
3740,A,DE,4,14.64,0,0.0
3741,B,UK,2,48.37,0,0.0
3742,A,UK,5,14.55,0,0.0
3743,B,UK,12,22.37,0,0.0
3744,B,UK,6,14.69,0,0.0
3745,B,UK,4,31.27,1,28.37
3746,A,UK,6,51.59,0,0.0
3747,B,UK,9,25.1,0,0.0
3748,A,US,7,30.58,0,0.0
3749,A,UK,11,77.67,0,0.0
3750,A,US,14,71.76,0,0.0
3751,B,DE,1,13.39,0,0.0
3752,A,DE,11,55.77,0,0.0
3753,B,US,1,34.81,0,0.0
3754,A,UK,12,8.72,0,0.0
3755,A,US,1,5.05,0,0.0
3756,A,US,11,26.76,0,0.0
3757,A,UK,10,52.85,0,0.0
3758,B,US,4,5.24,0,0.0
3759,A,DE,1,29.75,0,0.0
3760,A,UK,8,64.98,0,0.0
3761,A,US,6,44.22,0,0.0
3762,B,UK,2,42.75,0,0.0
3763,A,US,6,13.3,0,0.0
3764,A,US,2,29.04,0,0.0
3765,B,US,5,22.93,0,0.0
3766,B,US,11,26.06,0,0.0
3767,A,US,14,26.99,0,0.0
3768,B,US,8,11.83,0,0.0
3769,A,US,14,69.96,0,0.0
3770,A,DE,5,14.89,0,0.0
3771,A,US,13,13.65,0,0.0
3772,A,US,11,27.9,0,0.0
3773,A,US,3,43.4,0,0.0
3774,B,UK,14,12.16,0,0.0
3775,A,US,9,20.95,0,0.0
3776,B,US,3,19.51,0,0.0
3777,A,UK,6,7.21,0,0.0
3778,A,US,7,25.92,0,0.0
3779,B,US,10,60.46,0,0.0
3780,A,UK,5,25.07,0,0.0
3781,B,DE,8,13.78,1,11.66
3782,A,US,4,21.66,0,0.0
3783,B,US,8,18.35,0,0.0
3784,B,US,8,21.94,0,0.0
3785,B,UK,5,33.54,0,0.0
3786,B,DE,6,33.83,0,0.0
3787,A,US,7,37.85,0,0.0
3788,B,UK,5,16.25,0,0.0
3789,B,US,8,23.47,0,0.0
3790,B,DE,8,38.42,0,0.0
3791,B,US,3,5.37,1,3.95
3792,B,DE,9,9.78,0,0.0
3793,B,UK,9,15.52,0,0.0
3794,A,US,2,13.24,1,14.1
3795,A,UK,8,62.21,0,0.0
3796,B,US,3,8.85,0,0.0
3797,B,UK,8,29.47,0,0.0
3798,B,US,6,43.7,0,0.0
3799,A,DE,13,14.39,1,12.18
3800,B,US,14,6.88,0,0.0
3801,B,UK,12,12.01,1,10.3
3802,A,DE,5,11.12,0,0.0
3803,A,US,1,21.8,0,0.0
3804,B,DE,1,10.12,0,0.0
3805,A,UK,12,4.54,0,0.0
3806,B,US,4,28.6,0,0.0
3807,B,UK,6,60.48,0,0.0
3808,B,US,1,29.64,0,0.0
3809,A,UK,4,30.43,0,0.0
3810,B,US,2,32.99,0,0.0
3811,B,UK,1,27.78,1,20.69
3812,A,UK,7,7.84,0,0.0
3813,B,UK,13,41.11,0,0.0
3814,A,UK,4,45.21,0,0.0
3815,B,UK,13,16.55,0,0.0
3816,A,UK,7,7.49,0,0.0
3817,A,US,11,10.64,0,0.0
3818,A,DE,11,55.31,0,0.0
3819,A,US,8,10.1,0,0.0
3820,A,DE,12,84.98,0,0.0
3821,B,DE,6,13.1,0,0.0
3822,B,US,6,14.18,0,0.0
3823,B,UK,1,10.25,0,0.0
3824,B,US,9,4.93,0,0.0
3825,B,US,14,21.32,0,0.0
3826,B,DE,14,23.19,0,0.0
3827,B,US,13,13.71,0,0.0
3828,A,US,8,25.72,0,0.0
3829,A,DE,10,31.62,0,0.0
3830,A,UK,13,0.94,0,0.0
3831,A,US,10,31.8,0,0.0
3832,A,DE,7,9.29,0,0.0
3833,A,UK,7,20.95,0,0.0
3834,A,DE,10,61.84,0,0.0
3835,B,US,9,36.21,0,0.0
3836,A,US,12,30.84,0,0.0
3837,A,US,14,14.97,0,0.0
3838,B,UK,10,8.77,0,0.0
3839,A,DE,7,1.97,0,0.0
3840,A,UK,13,36.83,0,0.0
3841,B,US,12,8.24,0,0.0
3842,B,US,13,69.98,0,0.0
3843,A,US,4,34.87,0,0.0
3844,B,UK,6,23.32,0,0.0
3845,A,UK,4,35.2,0,0.0
3846,A,US,12,17.47,0,0.0
3847,B,DE,3,11.0,0,0.0
3848,B,US,8,16.12,0,0.0
3849,B,US,2,7.15,1,11.16
3850,A,US,7,11.12,0,0.0
3851,B,UK,12,31.95,0,0.0
3852,B,UK,9,30.29,0,0.0
3853,B,US,9,29.33,0,0.0
3854,A,US,4,55.48,0,0.0
3855,B,US,10,23.65,1,18.76
3856,A,UK,10,65.2,0,0.0
3857,A,US,9,43.85,0,0.0
3858,B,DE,8,23.06,0,0.0
3859,B,US,3,48.72,0,0.0
3860,A,US,8,25.12,0,0.0
3861,A,DE,14,41.98,0,0.0
3862,B,US,2,55.94,1,39.0
3863,A,UK,14,36.87,0,0.0
3864,B,US,6,46.8,0,0.0
3865,B,UK,5,46.23,0,0.0
3866,B,UK,6,5.07,0,0.0
3867,B,DE,8,38.98,0,0.0
3868,B,DE,11,69.77,0,0.0
3869,B,US,11,23.59,0,0.0
3870,A,US,14,7.78,0,0.0
3871,A,DE,1,15.29,0,0.0
3872,B,UK,3,19.08,0,0.0
3873,B,US,12,41.65,1,25.7
3874,A,UK,4,29.29,0,0.0
3875,B,US,1,14.11,0,0.0
3876,B,DE,14,47.65,0,0.0
3877,B,UK,13,11.22,0,0.0
3878,A,DE,11,31.57,1,16.98
3879,A,UK,5,12.56,0,0.0
3880,B,US,13,11.07,0,0.0
3881,B,UK,4,24.73,0,0.0
3882,B,US,8,23.47,0,0.0
3883,B,US,13,35.1,0,0.0
3884,A,DE,8,16.12,0,0.0
3885,B,DE,12,9.32,0,0.0
3886,A,US,7,8.11,0,0.0
3887,B,UK,4,20.43,0,0.0
3888,B,US,12,23.83,0,0.0
3889,B,DE,7,21.46,0,0.0
3890,A,UK,13,17.18,0,0.0
3891,A,DE,14,15.26,0,0.0
3892,A,UK,11,35.69,0,0.0
3893,B,US,7,16.9,0,0.0
3894,B,US,6,47.21,0,0.0
3895,B,UK,4,9.59,0,0.0
3896,A,UK,7,39.93,0,0.0
3897,B,UK,9,14.83,0,0.0
3898,A,DE,8,6.51,0,0.0
3899,A,US,1,28.9,0,0.0
3900,B,UK,13,32.27,0,0.0
3901,A,UK,1,4.34,0,0.0
3902,A,DE,2,49.38,0,0.0
3903,A,US,6,30.8,0,0.0
3904,B,US,5,20.16,0,0.0
3905,A,US,1,25.84,0,0.0
3906,B,US,2,15.81,0,0.0
3907,B,DE,3,15.31,0,0.0
3908,A,US,5,28.9,0,0.0
3909,B,UK,13,15.67,1,16.9
3910,A,DE,6,56.94,0,0.0
3911,A,UK,8,55.04,0,0.0
3912,A,US,4,9.94,0,0.0
3913,A,UK,9,32.86,0,0.0
3914,A,UK,8,22.51,0,0.0
3915,B,UK,10,76.7,0,0.0
3916,B,US,4,61.3,1,47.47
3917,B,US,14,29.45,0,0.0
3918,B,US,9,63.96,0,0.0
3919,B,US,12,67.52,0,0.0
3920,B,UK,10,24.22,0,0.0
3921,B,UK,9,25.79,0,0.0
3922,A,US,6,35.1,0,0.0
3923,A,US,4,25.74,1,21.59
3924,A,DE,11,93.97,0,0.0
3925,B,US,12,7.46,0,0.0
3926,B,US,12,6.24,1,9.23
3927,B,US,12,54.17,0,0.0
3928,A,DE,10,50.28,0,0.0
3929,B,US,13,8.02,0,0.0
3930,B,US,2,20.29,1,17.69
3931,A,UK,8,77.21,1,54.35
3932,A,UK,4,17.85,0,0.0
3933,B,DE,4,39.77,0,0.0
3934,B,UK,11,13.25,0,0.0
3935,A,US,9,11.65,0,0.0
3936,A,DE,2,48.34,0,0.0
3937,B,UK,13,8.32,0,0.0
3938,A,UK,9,23.24,0,0.0
3939,B,UK,6,22.74,0,0.0
3940,A,DE,1,73.23,0,0.0
3941,B,US,7,4.47,0,0.0
3942,B,UK,3,16.27,0,0.0
3943,A,US,3,17.08,0,0.0
3944,B,US,12,3.74,0,0.0
3945,A,UK,8,33.29,1,21.0
3946,A,UK,11,36.45,0,0.0
3947,B,DE,7,31.12,0,0.0
3948,B,US,9,15.67,0,0.0
3949,A,DE,6,17.14,0,0.0
3950,B,US,8,51.71,1,38.16
3951,B,UK,6,,1,51.33
3952,B,UK,12,52.27,0,0.0
3953,A,UK,11,34.35,0,0.0
3954,A,US,2,11.96,0,0.0
3955,B,UK,5,6.03,0,0.0
3956,B,US,1,14.38,1,10.44
3957,B,DE,13,28.16,0,0.0
3958,B,DE,9,10.72,0,0.0
3959,A,UK,10,11.76,0,0.0
3960,B,US,14,24.38,0,0.0
3961,B,DE,12,27.0,0,0.0
3962,B,UK,8,23.79,0,0.0
3963,A,US,2,67.22,0,0.0
3964,A,UK,5,9.05,0,0.0
3965,A,DE,12,18.4,0,0.0
3966,A,US,14,22.22,1,17.39
3967,A,DE,8,15.04,0,0.0
3968,A,US,14,11.36,0,0.0
3969,A,US,1,,0,0.0
3970,B,UK,14,39.97,0,0.0
3971,A,UK,4,38.94,0,0.0
3972,A,UK,11,34.61,0,0.0
3973,A,US,1,31.64,0,0.0
3974,B,US,7,28.04,0,0.0
3975,A,US,6,36.99,0,0.0
3976,B,US,6,14.66,0,0.0
3977,A,US,11,47.75,0,0.0
3978,B,US,1,14.66,0,0.0
3979,A,UK,14,20.51,0,0.0
3980,A,US,3,60.47,0,0.0
3981,B,DE,14,1.74,0,0.0
3982,B,US,6,40.25,0,0.0
3983,A,UK,14,31.18,0,0.0
3984,B,US,4,28.23,0,0.0
3985,B,UK,8,38.17,0,0.0
3986,A,UK,9,18.79,0,0.0
3987,B,DE,11,48.3,0,0.0
3988,A,DE,10,24.33,1,16.7
3989,B,US,13,28.88,0,0.0
3990,B,US,4,32.19,0,0.0
3991,B,UK,5,8.73,0,0.0
3992,A,US,12,31.63,0,0.0
3993,A,UK,9,25.18,0,0.0
3994,B,DE,11,18.15,0,0.0
3995,B,UK,4,36.2,0,0.0
3996,A,UK,14,51.93,0,0.0
3997,A,US,3,17.86,0,0.0
3998,A,US,11,52.63,0,0.0
3999,B,US,5,22.34,1,21.69
4000,B,US,10,17.6,0,0.0
