user_id,month,gender,region,tenure,spend,label,score_old,score_new
1,1,F,south,8,114.01,1,0.349,0.3572
2,1,M,west,8,7.15,1,0.9028,0.8112
3,1,M,east,9,89.21,0,0.4693,0.3473
4,1,F,south,13,28.27,0,0.4992,0.425
5,1,M,north,52,93.42,0,0.0391,0.0408
6,1,F,east,9,102.24,1,0.5355,0.3559
7,1,F,south,21,28.5,0,0.4485,0.3243
8,1,F,south,59,89.07,0,0.318,0.001
9,1,F,south,19,8.03,1,0.6761,0.3822
10,1,F,east,8,102.56,0,0.4647,0.3854
11,1,F,north,48,77.29,0,0.3928,0.0925
12,1,F,north,51,70.26,0,0.3888,0.001
13,1,M,south,26,10.11,1,0.2559,0.3176
14,1,F,east,50,30.87,0,0.2344,0.001
15,1,F,east,9,42.52,0,0.7015,0.5162
16,1,M,south,3,33.44,1,0.3366,0.7279
17,1,M,west,4,52.46,1,0.999,0.8904
18,1,F,north,14,76.83,0,0.3639,0.3216
19,1,F,north,21,94.7,0,0.001,0.1063
20,1,M,west,34,75.99,1,0.2705,0.1989
21,1,F,south,9,26.68,0,0.5776,0.5634
22,1,M,east,16,6.37,1,0.6378,0.494
23,1,M,east,36,175.29,0,0.3949,0.001
24,1,F,south,48,74.96,0,0.1763,0.001
25,1,F,south,6,26.27,1,0.8766,0.6657
26,1,F,west,38,53.69,0,0.1671,0.1618
27,1,M,east,52,14.18,0,0.001,0.0229
28,1,F,south,4,30.9,0,0.999,0.6631
29,1,M,west,7,10.71,1,0.8694,0.8454
30,1,F,north,51,99.42,0,0.3222,0.0188
31,1,F,north,51,45.25,0,0.3017,0.0032
32,1,M,south,59,148.4,0,0.093,0.001
33,1,F,north,17,19.78,0,0.2259,0.3714
34,1,M,south,10,49.03,1,0.0455,0.4839
35,1,M,east,44,62.64,0,0.001,0.0263
36,1,F,south,55,98.81,0,0.2685,0.0463
37,1,F,east,40,36.39,0,0.3475,0.042
38,1,F,south,40,65.7,0,0.001,0.0681
39,1,M,south,30,113.66,0,0.1355,0.0479
40,1,M,south,29,60.92,0,0.0846,0.1443
41,1,F,south,24,55.98,0,0.1014,0.1645
42,1,M,south,29,39.83,1,0.1618,0.1294
43,1,F,south,2,121.29,1,0.5166,0.4266
44,1,M,south,1,67.03,1,0.6413,0.6114
45,1,M,south,2,17.36,1,0.999,0.7052
46,1,M,south,53,25.82,1,0.001,0.0584
47,1,M,north,23,58.64,0,0.4064,0.0907
48,1,M,south,39,78.18,0,0.1815,0.0809
49,1,M,north,55,64.37,0,0.001,0.0641
50,1,M,east,31,25.19,1,0.001,0.1962
51,1,M,north,24,102.44,1,0.001,0.111
52,1,F,north,48,160.51,0,0.001,0.0306
53,1,M,north,23,45.28,1,0.2687,0.2113
54,1,F,east,16,45.6,0,0.6291,0.3773
55,1,M,north,37,152.5,0,0.0514,0.001
56,1,M,north,25,60.61,0,0.0022,0.1674
57,1,F,south,21,69.01,0,0.2327,0.2257
58,1,F,west,22,68.73,1,0.605,0.3681
59,1,M,west,48,41.7,0,0.001,0.1327
60,1,M,west,33,77.42,0,0.0622,0.206
61,1,F,south,31,48.5,0,0.0014,0.0716
62,1,M,north,16,9.31,0,0.1159,0.5349
63,1,M,west,10,43.39,0,0.7552,0.6766
64,1,M,north,38,37.7,0,0.001,0.0837
65,1,F,west,49,34.3,0,0.1217,0.062
66,1,F,north,22,61.02,0,0.001,0.2114
67,1,F,east,27,83.4,0,0.001,0.1445
68,1,F,south,14,81.41,0,0.6093,0.3564
69,1,F,north,1,87.15,0,0.8965,0.516
70,1,F,west,13,4.95,1,0.9286,0.6978
71,1,F,north,29,65.11,0,0.4785,0.1287
72,1,F,south,54,109.72,0,0.177,0.001
73,1,F,east,41,64.98,0,0.3119,0.0758
74,1,F,east,31,39.68,0,0.2472,0.1657
75,1,F,east,37,128.04,0,0.001,0.001
76,1,M,west,33,104.01,1,0.001,0.1096
77,1,M,east,28,57.49,0,0.001,0.1043
78,1,F,north,56,64.43,0,0.001,0.001
79,1,F,north,53,32.09,0,0.3582,0.0246
80,1,F,west,54,36.91,0,0.0938,0.0229
81,1,F,north,30,71.11,0,0.001,0.0697
82,1,F,east,38,13.96,1,0.1852,0.06
83,1,M,south,47,44.5,0,0.001,0.0232
84,1,M,south,19,17.32,0,0.001,0.4047
85,1,M,north,7,98.69,1,0.0156,0.4172
86,1,F,south,14,66.96,1,0.626,0.3444
87,1,M,south,11,144.4,1,0.2294,0.1534
88,1,M,south,26,21.43,0,0.1493,0.2921
89,1,F,west,31,134.82,0,0.001,0.0454
90,1,F,south,58,55.97,0,0.001,0.0763
91,1,F,north,22,43.06,0,0.3637,0.242
92,1,F,north,25,34.1,0,0.4347,0.217
93,1,F,north,42,65.45,0,0.2218,0.099
94,1,F,east,21,16.65,1,0.5324,0.3824
95,1,F,south,58,100.74,0,0.35,0.001
96,1,F,east,22,25.84,0,0.192,0.3256
97,1,M,south,3,53.72,0,0.6165,0.5433
98,1,F,north,2,81.14,1,0.619,0.5157
99,1,M,east,35,43.07,0,0.001,0.0814
100,1,F,south,37,55.85,0,0.3574,0.1043
101,1,M,west,26,213.83,0,0.4287,0.0691
102,1,M,east,5,22.62,1,0.5881,0.6329
103,1,M,east,32,110.13,0,0.4149,0.0351
104,1,M,south,20,44.31,1,0.3293,0.3095
105,1,F,east,15,112.67,0,0.6197,0.2208
106,1,M,south,5,163.67,1,0.2329,0.2606
107,1,F,east,17,12.15,0,0.4775,0.4074
108,1,M,east,35,66.38,0,0.001,0.1113
109,1,F,north,52,38.34,0,0.001,0.0877
110,1,F,east,14,121.82,0,0.2138,0.1481
111,1,M,north,38,22.62,0,0.001,0.1121
112,1,M,north,8,26.42,1,0.299,0.5467
113,1,M,north,27,28.44,0,0.001,0.1522
114,1,M,south,21,17.35,0,0.5081,0.3198
115,1,F,north,6,112.64,0,0.2228,0.4664
116,1,M,north,36,45.01,0,0.09,0.0313
117,1,M,north,56,37.63,0,0.019,0.001
118,1,M,north,34,111.05,0,0.0982,0.0287
119,1,M,north,58,42.84,0,0.0552,0.001
120,1,F,east,1,29.01,1,0.999,0.7494
121,1,F,south,16,231.7,0,0.5677,0.0584
122,1,M,west,31,147.98,0,0.0622,0.0458
123,1,M,north,26,8.6,0,0.0096,0.2614
124,1,F,west,13,12.03,1,0.999,0.7654
125,1,M,north,40,48.09,0,0.001,0.0798
126,1,M,west,45,40.85,0,0.001,0.1068
127,1,F,south,10,70.1,1,0.2369,0.4164
128,1,M,north,13,16.99,0,0.7383,0.5301
129,1,M,south,33,21.89,0,0.0349,0.1878
130,1,M,north,22,221.82,0,0.064,0.1352
131,1,M,south,23,56.16,0,0.1377,0.2207
132,1,M,south,2,121.25,1,0.0757,0.457
133,1,F,north,56,29.17,0,0.1549,0.0437
134,1,M,east,19,23.61,0,0.147,0.3905
135,1,M,west,33,22.11,0,0.001,0.3178
136,1,M,south,41,33.93,0,0.1874,0.1118
137,1,M,south,41,36.88,0,0.0215,0.0776
138,1,M,north,5,94.34,1,0.513,0.4487
139,1,M,west,23,124.14,0,0.4269,0.2113
140,1,M,north,41,49.73,0,0.001,0.139
141,1,M,east,1,107.03,1,0.1866,0.5147
142,1,M,south,4,57.74,1,0.3347,0.6158
143,1,F,south,18,29.73,0,0.5519,0.3531
144,1,M,south,28,55.96,0,0.5472,0.1325
145,1,F,west,23,37.44,0,0.5343,0.4613
146,1,M,south,23,89.58,0,0.001,0.2029
147,1,F,east,22,91.75,0,0.2507,0.2527
148,1,F,north,35,61.4,0,0.4066,0.0556
149,1,M,south,7,138.69,0,0.0092,0.2435
150,1,F,east,47,72.43,0,0.1477,0.0278
151,1,M,south,1,76.68,1,0.4081,0.6121
152,1,M,west,23,71.17,0,0.2664,0.345
153,1,M,north,24,34.61,0,0.001,0.2222
154,1,F,north,37,75.35,0,0.235,0.1718
155,1,M,north,52,37.29,0,0.2651,0.001
156,1,F,south,25,74.17,0,0.3152,0.1361
157,1,M,north,1,13.58,1,0.6625,0.7418
158,1,M,east,29,95.77,0,0.001,0.0961
159,1,M,east,9,97.24,1,0.2241,0.3333
160,1,F,south,46,43.39,0,0.001,0.0123
161,1,M,west,46,89.93,0,0.2862,0.0631
162,1,M,east,48,19.62,0,0.1974,0.0433
163,1,M,east,51,64.94,0,0.4666,0.0755
164,1,F,west,51,13.3,1,0.0943,0.1029
165,1,F,south,15,45.37,1,0.4139,0.4006
166,1,F,west,44,9.02,0,0.1203,0.1664
167,1,M,north,15,52.71,1,0.4859,0.2978
168,1,M,west,18,23.74,1,0.3088,0.5944
169,1,F,north,39,43.1,0,0.0123,0.1354
170,1,M,north,30,32.05,0,0.1973,0.1887
171,1,F,north,19,151.61,0,0.001,0.0908
172,1,M,north,36,54.6,0,0.001,0.0918
173,1,F,east,13,12.12,1,0.5672,0.4792
174,1,M,east,21,18.59,0,0.1466,0.3067
175,1,F,west,21,40.51,0,0.6007,0.4323
176,1,M,east,45,70.89,0,0.1538,0.0111
177,1,M,east,6,38.85,1,0.3221,0.5612
178,1,F,east,56,43.63,0,0.5477,0.087
179,1,M,south,18,71.94,1,0.001,0.2827
180,1,M,north,55,36.76,0,0.0708,0.0495
181,1,M,north,32,13.65,0,0.5047,0.1601
182,1,M,south,23,128.1,0,0.1147,0.1271
183,1,F,north,12,24.03,0,0.5314,0.4229
184,1,M,west,12,47.15,1,0.7429,0.6913
185,1,F,north,40,37.64,0,0.163,0.0303
186,1,M,north,37,41.23,0,0.001,0.0742
187,1,F,east,33,47.99,0,0.2172,0.1687
188,1,M,west,12,22.53,1,0.9028,0.7017
189,1,M,west,58,52.45,0,0.001,0.0433
190,1,M,south,44,56.83,0,0.001,0.031
191,1,F,west,41,44.45,1,0.3864,0.1307
192,1,M,south,17,76.71,0,0.1503,0.253
193,1,F,east,54,85.99,0,0.0664,0.0209
194,1,F,south,20,79.1,0,0.1635,0.0801
195,1,M,north,26,109.18,0,0.1008,0.0227
196,1,F,north,55,139.34,0,0.1272,0.001
197,1,M,south,37,77.89,0,0.001,0.0956
198,1,M,north,16,18.73,1,0.4953,0.4728
199,1,M,north,39,145.21,0,0.2172,0.001
200,1,F,west,34,45.34,0,0.1113,0.2126
201,1,F,south,59,29.72,0,0.1047,0.0669
202,1,F,west,32,19.21,1,0.4628,0.2891
203,1,M,east,58,33.98,0,0.001,0.0395
204,1,M,north,39,33.57,0,0.1154,0.0259
205,1,F,north,28,16.77,0,0.6244,0.1963
206,1,M,west,28,34.99,0,0.4174,0.4395
207,1,F,north,36,148.23,0,0.0922,0.096
208,1,F,south,52,124.49,0,0.0343,0.0185
209,1,M,east,49,21.67,0,0.001,0.0654
210,1,M,south,40,59.93,0,0.001,0.0049
211,1,M,east,31,123.66,0,0.1125,0.0873
212,1,M,north,23,16.39,0,0.3646,0.2338
213,1,M,west,42,105.95,0,0.001,0.023
214,1,M,south,12,65.43,0,0.4551,0.4125
215,1,M,south,27,58.98,0,0.001,0.1027
216,1,F,east,23,35.29,0,0.3988,0.2295
217,1,M,east,10,64.83,1,0.4105,0.5015
218,1,M,south,38,52.19,0,0.001,0.0667
219,1,F,south,9,113.59,0,0.4886,0.3502
220,1,M,west,7,237.06,0,0.232,0.2702
221,1,M,north,28,68.28,0,0.037,0.111
222,1,M,east,38,12.37,1,0.001,0.0757
223,1,F,north,14,34.19,1,0.4008,0.4526
224,1,M,south,54,64.42,0,0.2782,0.001
225,1,M,south,19,40.5,0,0.307,0.3116
226,1,M,east,1,21.95,1,0.677,0.6786
227,1,F,east,25,39.14,0,0.2675,0.1926
228,1,F,north,32,77.71,0,0.3154,0.0283
229,1,M,west,10,165.21,1,0.4568,0.285
230,1,M,south,18,104.3,0,0.001,0.1433
231,1,F,south,5,52.79,1,0.819,0.6036
232,1,F,south,11,17.44,1,0.999,0.5336
233,1,F,south,53,74.89,0,0.1728,0.0364
234,1,M,south,42,135.98,0,0.2435,0.0323
235,1,F,east,41,100.94,0,0.112,0.0222
236,1,F,north,38,16.74,0,0.001,0.0321
237,1,F,north,49,42.28,0,0.7187,0.001
238,1,F,south,25,33.64,1,0.4484,0.2002
239,1,F,south,21,14.46,1,0.5687,0.343
240,1,F,south,1,94.31,0,0.5589,0.461
241,1,M,south,59,23.79,0,0.001,0.001
242,1,M,west,1,27.57,1,0.8687,0.8592
243,1,M,west,59,53.71,0,0.001,0.001
244,1,F,north,43,16.18,0,0.001,0.0531
245,1,F,south,52,13.32,0,0.3401,0.0151
246,1,M,north,55,106.01,0,0.2035,0.001
247,1,M,south,10,24.12,1,0.6655,0.5276
248,1,M,north,8,35.9,0,0.999,0.5116
249,1,M,north,25,20.73,0,0.17,0.2967
250,1,M,south,51,65.98,0,0.0243,0.0015
251,1,M,south,27,75.56,0,0.0262,0.1092
252,1,F,east,42,40.38,0,0.001,0.0934
253,1,M,south,7,42.3,1,0.1098,0.5003
254,1,M,south,26,21.62,0,0.0173,0.1797
255,1,F,west,58,19.38,0,0.5665,0.001
256,1,F,east,9,10.51,0,0.8601,0.5869
257,1,M,west,17,72.56,1,0.3306,0.4144
258,1,M,south,37,86.96,0,0.3136,0.0746
259,1,M,east,6,51.85,1,0.7415,0.5791
260,1,M,east,25,28.18,0,0.0921,0.2745
261,1,F,east,16,10.47,1,0.8407,0.455
262,1,M,south,57,59.64,0,0.001,0.0341
263,1,F,north,31,101.44,0,0.1179,0.0482
264,1,F,south,9,42.33,0,0.625,0.4417
265,1,F,west,23,48.45,0,0.5332,0.3581
266,1,F,east,24,14.33,0,0.3576,0.298
267,1,M,north,36,95.81,0,0.0939,0.0808
268,1,F,north,3,68.17,0,0.9273,0.628
269,1,F,south,38,38.56,0,0.0814,0.075
270,1,F,north,38,69.03,0,0.242,0.0731
271,1,M,west,15,105.8,0,0.6353,0.4348
272,1,F,east,5,51.62,1,0.999,0.5755
273,1,F,north,28,57.11,0,0.4728,0.1382
274,1,M,north,54,33.15,0,0.001,0.001
275,1,F,north,45,103.29,0,0.001,0.0254
276,1,F,north,29,78.38,0,0.001,0.1139
277,1,M,north,27,130.39,0,0.0559,0.1132
278,1,F,south,45,35.75,0,0.2767,0.0883
279,1,F,north,53,178.69,0,0.2379,0.0806
280,1,F,north,2,41.23,1,0.9431,0.6925
281,1,M,south,19,108.94,0,0.001,0.2087
282,1,F,east,22,77.27,0,0.2321,0.2125
283,1,M,north,32,59.84,0,0.4893,0.1104
284,1,M,south,13,53.79,0,0.1935,0.2848
285,1,M,south,38,107.65,0,0.0901,0.0275
286,1,F,east,1,23.29,1,0.8892,0.7288
287,1,M,south,12,108.09,0,0.1584,0.3129
288,1,M,north,41,79.27,0,0.001,0.1087
289,1,F,west,47,17.78,0,0.2454,0.1571
290,1,M,east,33,104.75,0,0.001,0.0341
291,1,F,north,11,56.81,1,0.4638,0.4795
292,1,F,south,31,150.93,0,0.001,0.0413
293,1,F,south,35,63.56,0,0.2656,0.0664
294,1,M,south,34,34.5,0,0.1124,0.0802
295,1,M,east,37,18.63,0,0.0734,0.0886
296,1,F,north,9,9.78,0,0.6946,0.6461
297,1,F,south,15,13.34,0,0.8674,0.4633
298,1,F,south,43,22.47,0,0.0495,0.0431
299,1,F,south,55,62.44,0,0.001,0.001
300,1,F,south,58,94.98,0,0.087,0.001
301,1,F,east,11,42.72,0,0.7471,0.4902
302,1,M,east,33,114.1,0,0.0292,0.0057
303,1,F,east,49,59.36,0,0.2108,0.0446
304,1,M,south,23,69.73,0,0.477,0.216
305,1,F,south,4,28.63,1,0.8923,0.728
306,1,M,north,56,59.24,0,0.001,0.0493
307,1,M,south,58,57.02,0,0.001,0.0267
308,1,M,north,25,66.94,0,0.151,0.1699
309,1,F,south,42,71.55,0,0.4356,0.0289
310,1,F,east,36,67.16,0,0.2471,0.0652
311,1,F,east,5,65.32,0,0.6382,0.5595
312,1,F,south,18,94.88,0,0.2748,0.1994
313,1,M,south,27,71.66,0,0.4039,0.0653
314,1,F,east,25,139.4,0,0.001,0.1058
315,1,F,north,39,63.43,0,0.2091,0.001
316,1,M,west,21,58.95,0,0.3457,0.4071
317,1,F,east,40,41.32,0,0.0751,0.1185
318,1,M,north,45,70.73,0,0.001,0.0879
319,1,M,east,22,58.32,0,0.001,0.234
320,1,F,north,49,68.46,0,0.3791,0.001
321,1,F,north,55,59.36,0,0.4348,0.001
322,1,M,east,23,71.86,0,0.4184,0.1906
323,1,F,north,57,41.23,0,0.014,0.001
324,1,M,south,27,104.95,0,0.001,0.1039
325,1,M,east,43,67.09,0,0.001,0.0126
326,1,F,north,27,91.56,0,0.1648,0.1958
327,1,M,east,32,36.67,0,0.0766,0.1533
328,1,F,north,41,127.13,0,0.4242,0.0394
329,1,M,east,5,57.62,0,0.6048,0.6133
330,1,M,south,8,31.74,1,0.9846,0.5993
331,1,M,north,47,208.99,0,0.0314,0.0567
332,1,M,north,57,125.25,0,0.001,0.001
333,1,M,west,18,14.91,1,0.6126,0.601
334,1,M,south,16,55.62,1,0.2403,0.3647
335,1,M,east,36,33.41,0,0.001,0.1115
336,1,M,south,39,106.99,0,0.001,0.001
337,1,F,east,53,70.52,0,0.001,0.001
338,1,M,west,36,81.51,0,0.001,0.1907
339,1,M,south,50,2.92,0,0.001,0.1219
340,1,M,north,38,18.1,0,0.001,0.0869
341,1,M,north,34,100.09,0,0.0518,0.1181
342,1,F,south,3,24.29,1,0.6905,0.6803
343,1,F,north,31,17.09,0,0.6718,0.2276
344,1,M,south,49,220.76,0,0.001,0.001
345,1,M,east,35,24.03,0,0.001,0.1554
346,1,M,east,9,31.24,1,0.5786,0.4921
347,1,M,north,53,47.46,0,0.2103,0.001
348,1,M,south,13,16.17,1,0.4538,0.5164
349,1,F,east,36,40.58,0,0.1387,0.1347
350,1,F,north,42,110.99,0,0.001,0.0016
351,1,F,south,27,155.02,0,0.253,0.0168
352,1,M,west,2,2.9,1,0.7489,0.8843
353,1,M,east,28,86.94,1,0.3605,0.1004
354,1,M,east,3,8.18,1,0.5272,0.7095
355,1,F,north,16,62.55,1,0.7717,0.3404
356,1,M,north,19,18.08,1,0.4931,0.2975
357,1,M,south,22,51.22,0,0.0702,0.1509
358,1,F,south,22,54.04,1,0.6005,0.2823
359,1,F,north,8,39.97,0,0.7175,0.5365
360,1,M,north,23,35.98,0,0.4724,0.2961
361,1,M,south,21,83.25,0,0.2019,0.208
362,1,F,west,30,73.43,0,0.1327,0.2852
363,1,F,south,53,57.18,0,0.3085,0.0021
364,1,F,east,29,53.82,0,0.263,0.1966
365,1,M,east,21,60.86,1,0.0518,0.2097
366,1,F,south,13,48.48,0,0.5846,0.5062
367,1,M,south,16,32.64,1,0.3157,0.3578
368,1,F,east,14,85.57,0,0.4776,0.1905
369,1,F,north,42,61.9,0,0.3578,0.0252
370,1,F,east,3,63.6,0,0.7963,0.5654
371,1,F,east,40,63.61,0,0.001,0.0239
372,1,M,north,52,51.73,0,0.001,0.0282
373,1,F,west,49,104.82,0,0.1705,0.065
374,1,F,south,8,165.8,1,0.34,0.1662
375,1,F,south,28,58.28,1,0.001,0.1605
376,1,F,south,54,28.21,0,0.1494,0.0124
377,1,F,south,41,51.29,0,0.1351,0.084
378,1,M,east,28,174.38,0,0.001,0.0171
379,1,F,east,42,48.79,0,0.001,0.0445
380,1,M,west,39,228.33,0,0.1596,0.0686
381,1,M,south,31,67.02,0,0.001,0.1127
382,1,M,north,11,8.72,1,0.6591,0.6215
383,1,M,south,52,47.05,0,0.001,0.0307
384,1,M,west,19,56.84,0,0.4598,0.5561
385,1,F,south,30,33.33,0,0.1613,0.2244
386,1,M,east,42,23.0,0,0.6112,0.066
387,1,F,east,59,54.51,0,0.0525,0.1148
388,1,M,south,55,34.36,0,0.001,0.0261
389,1,M,south,55,49.61,0,0.001,0.0499
390,1,M,north,35,91.33,0,0.001,0.0036
391,1,F,north,27,87.7,0,0.1435,0.1479
392,1,M,south,53,116.6,0,0.0029,0.001
393,1,F,west,47,42.04,0,0.4277,0.006
394,1,M,east,20,45.85,0,0.2278,0.2779
395,1,M,east,30,39.85,0,0.3424,0.1447
396,1,F,east,7,93.98,0,0.5358,0.4158
397,1,F,east,50,55.58,0,0.001,0.001
398,1,M,north,38,66.56,0,0.001,0.0543
399,1,M,east,33,55.54,0,0.0742,0.1288
400,1,F,south,43,11.27,0,0.4711,0.0557
401,1,M,south,39,47.49,0,0.2155,0.0021
402,1,M,south,25,27.44,0,0.2046,0.1695
403,1,M,north,4,8.07,1,0.6323,0.7584
404,1,F,north,48,25.94,0,0.293,0.0575
405,1,M,south,45,10.09,0,0.001,0.001
406,1,F,west,35,46.43,0,0.2267,0.1909
407,1,M,north,55,51.43,0,0.001,0.0469
408,1,M,east,40,75.83,0,0.001,0.1615
409,1,M,south,33,14.17,0,0.1087,0.1831
410,1,F,east,15,37.28,1,0.5413,0.3547
411,1,F,east,22,27.74,0,0.4696,0.2938
412,1,F,south,51,6.44,0,0.2221,0.001
413,1,M,west,30,108.27,0,0.1368,0.1985
414,1,M,north,11,31.02,0,0.3932,0.5434
415,1,F,east,11,29.18,1,0.5839,0.4766
416,1,M,south,9,81.29,1,0.1527,0.4017
417,1,F,south,42,123.77,0,0.403,0.0543
418,1,F,west,57,74.25,0,0.0883,0.0469
419,1,M,south,8,33.99,1,0.554,0.5752
420,1,M,south,23,33.5,0,0.004,0.3445
421,1,M,east,33,52.36,0,0.1792,0.0992
422,1,M,north,19,11.92,1,0.3142,0.4027
423,1,F,south,16,30.74,1,0.3843,0.3818
424,1,M,south,49,52.64,0,0.0431,0.001
425,1,M,south,37,55.65,0,0.0487,0.0766
426,1,M,east,33,101.89,0,0.0158,0.0504
427,1,F,north,54,89.67,0,0.001,0.075
428,1,M,north,5,3.49,1,0.6574,0.7438
429,1,F,south,57,40.9,0,0.2013,0.0431
430,1,F,north,53,116.98,0,0.0625,0.0349
431,1,F,north,2,54.29,0,0.7747,0.6527
432,1,M,north,24,67.2,0,0.2931,0.1304
433,1,F,east,51,36.87,1,0.4089,0.0741
434,1,F,east,4,39.32,0,0.7302,0.6562
435,1,F,south,44,106.45,0,0.3918,0.009
436,1,M,south,23,54.07,0,0.1048,0.2192
437,1,M,south,19,7.91,0,0.1916,0.3597
438,1,F,east,34,45.01,0,0.2871,0.094
439,1,F,east,50,48.36,0,0.2763,0.005
440,1,F,south,24,22.64,0,0.5216,0.2398
441,1,F,east,22,64.77,0,0.2524,0.196
442,1,F,south,31,33.57,0,0.2586,0.1009
443,1,F,north,51,99.8,0,0.4412,0.001
444,1,F,east,17,57.63,0,0.5144,0.2942
445,1,M,north,58,45.87,0,0.0892,0.0025
446,1,F,east,2,101.55,0,0.5259,0.5143
447,1,M,east,28,40.35,1,0.1298,0.1516
448,1,M,south,56,54.57,0,0.0139,0.0392
449,1,F,north,28,84.47,0,0.08,0.0644
450,1,M,north,35,31.25,0,0.001,0.169
451,1,M,east,20,168.73,0,0.001,0.0496
452,1,F,north,11,84.48,0,0.8792,0.3781
453,1,F,south,50,97.15,0,0.1821,0.02
454,1,M,east,6,52.93,1,0.6109,0.5826
455,1,F,east,25,88.85,0,0.0543,0.1309
456,1,M,east,29,25.68,0,0.0406,0.0876
457,1,F,south,25,32.57,0,0.3095,0.2206
458,1,M,west,50,23.26,0,0.001,0.101
459,1,M,north,26,21.41,0,0.182,0.2497
460,1,F,east,57,54.14,0,0.001,0.001
461,1,M,west,17,127.43,1,0.1966,0.3341
462,1,F,north,52,62.56,0,0.001,0.001
463,1,F,north,19,27.44,0,0.6653,0.4196
464,1,F,north,25,11.45,0,0.1543,0.3129
465,1,M,east,29,40.66,0,0.5739,0.1381
466,1,M,north,24,10.07,0,0.4235,0.2786
467,1,F,south,18,75.23,1,0.239,0.2219
468,1,M,south,28,76.68,0,0.001,0.134
469,1,M,east,32,43.41,1,0.2248,0.1886
470,1,M,south,11,55.99,0,0.8125,0.4459
471,1,M,west,29,100.91,1,0.001,0.1442
472,1,M,south,15,54.53,1,0.001,0.282
473,1,F,east,3,17.05,0,0.8681,0.646
474,1,F,west,9,15.39,0,0.999,0.7714
475,1,M,south,15,69.37,0,0.5558,0.3166
476,1,F,east,12,35.82,0,0.6599,0.4767
477,1,M,north,30,69.71,0,0.001,0.1137
478,1,F,south,32,35.11,0,0.0734,0.0107
479,1,M,east,42,77.53,0,0.0119,0.0078
480,1,M,north,38,31.9,1,0.001,0.0639
481,1,F,west,15,84.88,0,0.6535,0.5375
482,1,F,south,56,42.54,0,0.4444,0.0021
483,1,F,west,2,61.64,1,0.9868,0.7598
484,1,M,north,8,128.92,1,0.1607,0.3116
485,1,F,west,44,9.61,0,0.3593,0.1397
486,1,M,south,37,39.75,0,0.001,0.0535
487,1,M,west,56,60.07,0,0.001,0.0772
488,1,M,north,30,24.73,0,0.2973,0.1597
489,1,M,east,49,32.91,0,0.1867,0.0372
490,1,F,north,1,47.01,0,0.999,0.7344
491,1,M,east,37,61.62,0,0.0634,0.0256
492,1,F,south,48,44.95,0,0.001,0.0711
493,1,F,north,25,106.92,0,0.0661,0.163
494,1,F,west,2,17.61,1,0.999,0.8418
495,1,F,south,59,53.27,0,0.001,0.0319
496,1,M,south,49,99.68,0,0.001,0.001
497,1,F,north,7,39.78,0,0.459,0.5474
498,1,F,west,41,27.95,0,0.2923,0.232
499,1,F,west,40,32.19,0,0.3249,0.1429
500,1,M,south,50,107.86,0,0.0011,0.001
501,1,M,west,31,32.86,0,0.0498,0.3418
502,1,M,east,19,35.26,0,0.3127,0.2753
503,1,M,east,58,6.39,0,0.001,0.001
504,1,M,east,49,75.86,0,0.003,0.0279
505,1,F,north,29,21.45,1,0.5948,0.2136
506,1,M,north,2,89.78,1,0.1073,0.5826
507,1,F,west,57,51.19,0,0.3891,0.001
508,1,F,east,9,52.97,1,0.488,0.4322
509,1,F,south,19,83.22,0,0.001,0.1985
510,1,M,south,6,23.16,1,0.7331,0.5843
511,1,F,south,4,61.62,0,0.6503,0.5925
512,1,F,north,34,37.82,0,0.4255,0.0538
513,1,M,south,59,25.59,0,0.001,0.001
514,1,M,west,39,7.01,0,0.2661,0.2543
515,1,F,north,6,24.84,0,0.7803,0.5938
516,1,F,south,40,12.65,0,0.001,0.0928
517,1,M,east,9,76.36,0,0.2535,0.4975
518,1,M,south,43,85.05,0,0.1875,0.0458
519,1,F,west,55,125.53,0,0.1506,0.0314
520,1,M,north,8,160.41,0,0.0196,0.2217
521,1,M,north,26,39.53,0,0.5021,0.2222
522,1,M,east,47,84.21,0,0.1537,0.001
523,1,M,south,17,1.85,1,0.383,0.431
524,1,M,north,57,14.41,0,0.001,0.0138
525,1,F,south,17,39.04,0,0.2985,0.2678
526,1,F,west,11,206.9,0,0.4739,0.2212
527,1,M,south,41,59.84,0,0.2388,0.0913
528,1,M,east,20,143.46,0,0.001,0.1347
529,1,M,north,16,119.91,1,0.3602,0.1686
530,1,M,south,31,24.35,0,0.3799,0.1218
531,1,F,south,52,42.47,0,0.4188,0.0096
532,1,F,south,25,12.64,1,0.394,0.259
533,1,F,east,51,73.75,0,0.1955,0.0261
534,1,F,south,50,131.98,0,0.3195,0.001
535,1,F,north,19,102.34,0,0.4275,0.1972
536,1,M,south,6,70.08,0,0.6438,0.5067
537,1,F,south,22,110.98,0,0.001,0.1865
538,1,M,east,47,45.36,0,0.3078,0.0454
539,1,F,north,38,232.9,0,0.1373,0.0157
540,1,F,south,11,51.52,0,0.7182,0.4771
541,1,M,west,16,92.21,0,0.4729,0.4246
542,1,F,north,36,98.28,0,0.3757,0.0038
543,1,M,west,43,79.46,1,0.001,0.0788
544,1,M,south,2,19.03,1,0.999,0.7552
545,1,M,east,24,65.41,0,0.2206,0.1712
546,1,F,east,17,35.52,1,0.7372,0.3979
547,1,F,south,15,42.37,0,0.845,0.4504
548,1,M,east,59,28.92,0,0.001,0.001
549,1,M,east,45,42.74,1,0.0159,0.035
550,1,M,south,32,17.43,0,0.3001,0.1622
551,1,M,west,19,7.71,0,0.5601,0.6091
552,1,M,north,32,31.04,0,0.001,0.1217
553,1,M,south,43,137.97,0,0.001,0.001
554,1,M,north,41,76.5,0,0.0306,0.0499
555,1,F,north,37,19.55,0,0.2711,0.0949
556,1,M,west,48,4.95,0,0.1493,0.1954
557,1,M,south,22,36.8,0,0.0723,0.2758
558,1,F,north,19,76.6,0,0.1965,0.2146
559,1,M,south,21,14.73,1,0.3625,0.3782
560,1,M,south,44,14.78,0,0.3483,0.1265
561,1,M,west,21,32.46,0,0.6365,0.5012
562,1,M,south,6,121.72,1,0.6328,0.3901
563,1,M,south,43,69.56,0,0.0593,0.0163
564,1,M,north,27,36.69,0,0.001,0.1348
565,1,M,east,3,63.09,1,0.5279,0.6085
566,1,M,south,1,69.32,0,0.6956,0.5916
567,1,F,east,54,141.9,0,0.005,0.0124
568,1,M,south,45,7.75,0,0.3079,0.0467
569,1,F,north,18,74.17,0,0.5119,0.2368
570,1,M,west,24,65.76,0,0.3021,0.3293
571,1,M,west,55,35.73,0,0.2512,0.0669
572,1,F,west,15,13.45,1,0.779,0.7068
573,1,M,north,44,11.59,0,0.001,0.0492
574,1,M,west,39,96.81,0,0.1866,0.0632
575,1,M,north,50,75.03,0,0.001,0.001
576,1,F,north,12,54.37,0,0.4035,0.3648
577,1,M,north,10,100.41,0,0.0184,0.3617
578,1,F,south,21,22.08,0,0.7203,0.2941
579,1,M,north,49,62.87,0,0.001,0.0248
580,1,M,west,13,129.22,0,0.2347,0.4108
581,1,M,east,56,28.18,0,0.1822,0.001
582,1,M,east,51,1.05,0,0.001,0.0861
583,1,M,south,4,3.65,1,0.6023,0.7156
584,1,M,east,46,43.13,1,0.001,0.0372
585,1,M,south,39,25.01,0,0.001,0.0259
586,1,M,east,49,93.42,0,0.001,0.035
587,1,M,east,2,50.07,0,0.366,0.6833
588,1,M,north,16,20.53,0,0.6521,0.4669
589,1,F,west,36,146.12,0,0.001,0.001
590,1,F,south,29,14.88,0,0.1882,0.1791
591,1,F,north,47,21.89,0,0.4604,0.0047
592,1,M,south,51,12.09,0,0.001,0.0681
593,1,F,south,19,57.77,0,0.1768,0.2915
594,1,F,west,8,31.25,1,0.8284,0.7304
595,1,M,south,44,34.66,0,0.0902,0.0492
596,1,M,west,7,63.52,1,0.4863,0.7508
597,1,F,west,39,29.72,1,0.2562,0.2098
598,1,F,east,17,28.49,0,0.4346,0.4093
599,1,M,east,23,74.33,0,0.1017,0.1413
600,1,M,south,10,72.6,0,0.2771,0.4025
601,1,M,north,20,36.16,0,0.2965,0.3165
602,1,F,south,3,44.59,0,0.7257,0.6565
603,1,M,east,9,24.99,0,0.5298,0.5873
604,1,M,south,37,91.89,1,0.0707,0.0436
605,1,F,south,20,87.14,0,0.001,0.1851
606,1,F,east,15,206.53,1,0.0188,0.0614
607,1,M,north,26,21.16,0,0.365,0.1823
608,1,F,north,53,43.86,0,0.1466,0.0532
609,1,M,west,49,5.31,0,0.1952,0.1447
610,1,M,east,18,60.71,0,0.285,0.2907
611,1,M,east,58,56.51,0,0.0982,0.0611
612,1,M,north,57,44.64,0,0.1345,0.0043
613,1,M,east,52,57.66,0,0.001,0.0542
614,1,M,west,28,60.85,1,0.1252,0.2157
615,1,F,north,38,68.69,0,0.2583,0.0625
616,1,F,east,27,80.14,0,0.156,0.1199
617,1,F,north,38,118.42,0,0.1435,0.001
618,1,F,east,39,109.95,0,0.2187,0.0609
619,1,F,south,7,151.54,0,0.3619,0.2845
620,1,F,north,46,16.26,0,0.1173,0.0824
621,1,F,east,31,18.11,0,0.001,0.1256
622,1,F,east,24,13.51,0,0.3826,0.2948
623,1,M,east,46,77.97,0,0.001,0.001
624,1,M,north,47,66.1,0,0.0917,0.0474
625,1,F,east,15,55.64,1,0.2422,0.3553
626,1,M,south,4,11.59,0,0.5424,0.7439
627,1,M,east,22,22.99,1,0.5078,0.3012
628,1,F,east,33,33.84,0,0.2753,0.2193
629,1,M,north,49,62.23,0,0.001,0.0315
630,1,F,east,28,65.79,0,0.001,0.0813
631,1,M,north,34,92.16,0,0.001,0.034
632,1,M,north,54,12.52,0,0.0451,0.001
633,1,M,east,33,62.33,0,0.047,0.0485
634,1,F,east,52,94.04,0,0.3117,0.001
635,1,M,north,4,69.03,0,0.8168,0.5549
636,1,F,north,46,44.88,0,0.1319,0.0149
637,1,F,south,7,82.49,1,0.4222,0.4596
638,1,M,west,20,41.91,0,0.6417,0.4412
639,1,F,north,8,29.16,1,0.6104,0.6265
640,1,M,east,52,154.99,0,0.2978,0.0159
641,1,M,east,22,20.15,0,0.3079,0.2987
642,1,F,west,12,25.46,0,0.4419,0.717
643,1,F,south,55,83.73,0,0.0948,0.0238
644,1,F,south,16,95.96,0,0.705,0.21
645,1,F,east,42,31.37,0,0.001,0.0369
646,1,M,west,13,30.09,1,0.3423,0.6325
647,1,F,north,12,22.24,0,0.5057,0.5089
648,1,M,east,5,124.71,0,0.001,0.4234
649,1,M,north,40,131.47,0,0.001,0.0334
650,1,M,south,22,86.44,0,0.2064,0.172
651,1,M,west,41,12.52,1,0.2891,0.1633
652,1,F,south,3,82.75,1,0.2374,0.5605
653,1,M,north,10,84.0,0,0.5025,0.3984
654,1,F,south,26,108.79,1,0.2583,0.1378
655,1,M,south,4,46.15,1,0.4403,0.6355
656,1,F,west,9,52.12,1,0.4222,0.6698
657,1,F,north,40,52.88,0,0.001,0.1029
658,1,F,south,22,136.22,1,0.2179,0.0748
659,1,F,east,20,121.99,0,0.3416,0.1508
660,1,M,north,26,56.96,1,0.001,0.1944
661,1,M,north,12,44.11,1,0.5429,0.4771
662,1,F,south,49,35.67,0,0.3187,0.0289
663,1,M,east,51,20.23,0,0.3696,0.073
664,1,F,north,56,68.95,0,0.2514,0.005
665,1,M,east,55,26.52,0,0.001,0.001
666,1,F,west,42,18.54,0,0.4589,0.1256
667,1,M,north,18,18.35,0,0.3155,0.4221
668,1,F,east,53,36.33,0,0.001,0.001
669,1,F,south,17,50.77,0,0.4868,0.3169
670,1,F,east,2,80.16,1,0.4773,0.5733
671,1,M,east,34,55.73,0,0.212,0.1079
672,1,M,east,47,41.09,0,0.001,0.0012
673,1,M,east,28,65.26,0,0.001,0.148
674,1,M,north,9,122.14,1,0.4177,0.2385
675,1,F,north,17,16.62,0,0.7031,0.453
676,1,F,south,38,51.42,0,0.3401,0.0993
677,1,F,west,33,40.29,0,0.5022,0.2606
678,1,F,north,1,37.79,1,0.999,0.714
679,1,M,north,57,26.1,0,0.0948,0.0629
680,1,F,east,3,3.33,1,0.7934,0.7698
681,1,M,south,8,99.71,0,0.6683,0.3696
682,1,F,south,43,95.31,0,0.1585,0.001
683,1,F,south,30,69.97,0,0.2087,0.1402
684,1,M,north,23,4.63,0,0.0507,0.3144
685,1,F,west,28,199.9,0,0.4469,0.0769
686,1,M,west,56,70.15,0,0.001,0.0525
687,1,F,north,24,30.9,0,0.6204,0.2242
688,1,M,south,30,25.15,0,0.1556,0.2102
689,1,F,east,30,44.62,0,0.1089,0.1547
690,1,M,east,39,22.42,0,0.3909,0.0794
691,1,F,north,19,34.02,0,0.8009,0.3252
692,1,F,west,43,20.98,1,0.5986,0.1405
693,1,F,north,29,64.58,0,0.4155,0.0552
694,1,F,east,21,122.11,0,0.3855,0.1255
695,1,F,east,13,70.94,0,0.8411,0.3187
696,1,F,south,3,97.42,0,0.513,0.5378
697,1,F,east,14,60.36,0,0.8691,0.3311
698,1,F,west,27,30.58,0,0.5698,0.3869
699,1,F,south,51,6.94,0,0.001,0.1061
700,1,M,south,18,68.52,0,0.001,0.2096
701,1,M,south,10,47.38,0,0.3438,0.5117
702,1,M,north,28,74.39,0,0.001,0.12
703,1,F,south,52,57.02,0,0.0277,0.0649
704,1,M,east,44,90.46,0,0.1226,0.001
705,1,F,south,18,97.55,0,0.1601,0.1853
706,1,F,south,5,78.41,0,0.8187,0.534
707,1,M,south,34,50.66,0,0.0989,0.1134
708,1,M,east,11,38.59,1,0.5472,0.4812
709,1,F,west,42,85.33,0,0.0073,0.0458
710,1,F,north,15,94.12,0,0.4337,0.2388
711,1,F,south,41,74.36,0,0.1408,0.001
712,1,F,south,23,46.15,0,0.449,0.3011
713,1,F,north,14,48.89,0,0.238,0.3869
714,1,M,west,35,96.0,0,0.0187,0.0406
715,1,M,south,10,8.34,1,0.4569,0.6486
716,1,F,west,59,60.5,0,0.3,0.0512
717,1,M,east,12,108.71,0,0.001,0.2355
718,1,M,north,42,12.43,0,0.001,0.0109
719,1,M,south,8,145.58,0,0.3157,0.3184
720,1,M,south,28,47.3,1,0.1447,0.1675
721,1,F,south,51,47.9,0,0.3726,0.0784
722,1,F,north,34,88.02,0,0.2273,0.0741
723,1,F,south,23,12.2,1,0.4143,0.278
724,1,F,north,2,15.94,1,0.999,0.7692
725,1,F,north,25,35.51,0,0.3767,0.1959
726,1,F,east,14,37.61,0,0.2607,0.4116
727,1,F,north,39,61.35,0,0.0237,0.1
728,1,M,north,56,8.54,0,0.001,0.001
729,1,F,south,20,112.6,0,0.2289,0.1393
730,1,F,west,43,23.02,0,0.001,0.1864
731,1,F,west,33,48.61,0,0.5142,0.2158
732,1,F,north,4,53.74,1,0.6427,0.6414
733,1,M,west,32,97.26,0,0.4012,0.1522
734,1,M,west,58,51.94,0,0.001,0.007
735,1,F,south,3,90.24,0,0.4888,0.6423
736,1,F,north,23,17.49,0,0.2005,0.2518
737,1,M,east,23,40.78,0,0.2336,0.2522
738,1,M,east,41,38.81,0,0.2331,0.0422
739,1,F,north,18,144.3,0,0.1125,0.082
740,1,F,west,52,57.96,0,0.001,0.001
741,1,M,north,40,204.12,0,0.001,0.001
742,1,M,east,49,64.48,0,0.001,0.0287
743,1,F,east,10,70.03,1,0.6726,0.3948
744,1,F,east,10,139.17,0,0.3957,0.2882
745,1,F,east,19,7.2,0,0.7569,0.371
746,1,F,south,15,120.12,0,0.5915,0.2155
747,1,M,east,54,63.6,0,0.0075,0.001
748,1,M,west,49,62.91,0,0.1838,0.0038
749,1,M,south,56,41.57,0,0.301,0.0338
750,1,M,north,29,42.62,0,0.2952,0.0467
751,1,M,south,23,33.2,0,0.4275,0.3667
752,1,M,east,44,20.77,0,0.0854,0.0776
753,1,M,east,16,109.26,0,0.1003,0.155
754,1,F,north,24,16.69,1,0.3692,0.2181
755,1,M,south,42,93.49,0,0.052,0.001
756,1,F,south,18,169.84,0,0.1146,0.0858
757,1,M,south,34,115.43,0,0.0201,0.0997
758,1,F,south,13,77.44,0,0.4234,0.3276
759,1,F,east,9,54.87,1,0.7709,0.5529
760,1,F,south,22,183.62,0,0.0024,0.0646
761,1,M,north,22,39.21,0,0.0894,0.2044
762,1,F,south,51,48.78,0,0.5628,0.001
763,1,F,west,56,92.61,0,0.001,0.0096
764,1,M,south,22,35.55,0,0.3036,0.3659
765,1,F,south,26,58.53,0,0.2421,0.1784
766,1,M,north,11,35.46,1,0.736,0.534
767,1,M,east,47,3.07,0,0.1278,0.1277
768,1,M,east,17,54.08,0,0.2675,0.2405
769,1,M,west,52,5.72,0,0.2589,0.0774
770,1,F,south,40,53.12,0,0.001,0.1689
771,1,M,north,22,222.95,0,0.001,0.059
772,1,F,south,32,39.08,0,0.001,0.1253
773,1,F,south,51,51.72,0,0.001,0.0277
774,1,M,east,18,85.45,0,0.001,0.2368
775,1,M,east,44,26.53,0,0.001,0.1126
776,1,F,north,25,78.94,0,0.1781,0.2092
777,1,M,east,21,151.54,0,0.001,0.0139
778,1,F,west,3,63.15,0,0.9548,0.7735
779,1,M,west,40,133.7,0,0.0581,0.066
780,1,F,south,57,40.35,0,0.001,0.102
781,1,F,east,35,66.16,0,0.1489,0.0339
782,1,M,west,11,63.37,1,0.3641,0.7066
783,1,M,east,10,81.29,0,0.4841,0.4202
784,1,F,east,9,102.66,1,0.6123,0.3753
785,1,F,east,11,7.32,1,0.7929,0.5789
786,1,F,west,51,19.88,0,0.001,0.001
787,1,F,north,30,38.73,0,0.0674,0.1416
788,1,M,north,9,26.95,1,0.4202,0.5652
789,1,F,west,34,13.41,0,0.7398,0.2942
790,1,F,south,58,60.45,0,0.3203,0.0085
791,1,M,north,43,18.53,0,0.3378,0.1553
792,1,M,south,47,22.05,0,0.001,0.08
793,1,F,north,11,22.76,1,0.4529,0.501
794,1,M,west,31,72.26,1,0.4237,0.2868
795,1,M,north,32,52.39,1,0.2376,0.1705
796,1,F,west,42,28.27,0,0.4633,0.1301
797,1,M,east,36,31.27,1,0.2244,0.0568
798,1,F,north,20,120.93,0,0.001,0.1205
799,1,M,north,41,43.76,0,0.0693,0.033
800,1,M,north,13,42.73,0,0.584,0.4026
801,1,M,north,13,22.13,0,0.5522,0.4352
802,1,F,south,37,17.88,0,0.5368,0.001
803,1,F,north,21,51.4,0,0.568,0.2682
804,1,M,north,3,16.97,1,0.7016,0.7093
805,1,M,east,5,135.94,1,0.8015,0.2728
806,1,F,south,17,125.0,0,0.0548,0.1694
807,1,M,east,8,31.53,1,0.4005,0.5475
808,1,M,south,1,144.43,1,0.4661,0.4626
809,1,M,west,13,67.67,0,0.6453,0.5575
810,1,F,north,13,34.72,1,0.4485,0.461
811,1,F,south,59,56.09,0,0.001,0.0329
812,1,F,north,6,74.98,1,0.7347,0.5159
813,1,M,north,8,45.66,0,0.7595,0.5463
814,1,F,south,45,83.48,1,0.244,0.0337
815,1,F,north,21,83.56,0,0.7317,0.2206
816,1,M,east,14,57.5,1,0.4882,0.3931
817,1,M,south,8,104.23,1,0.276,0.3889
818,1,F,east,13,23.7,0,0.5289,0.5859
819,1,M,north,46,32.63,0,0.001,0.0507
820,1,F,south,14,59.7,0,0.4949,0.3159
821,1,M,east,25,43.45,0,0.3975,0.2198
822,1,M,north,53,56.47,0,0.001,0.001
823,1,M,west,11,56.27,1,0.7396,0.5645
824,1,M,north,45,105.31,0,0.1699,0.0594
825,1,F,north,21,43.77,0,0.1857,0.2968
826,1,F,west,36,127.09,0,0.0369,0.1462
827,1,F,north,3,131.97,1,0.421,0.3507
828,1,M,west,58,76.74,0,0.2035,0.0551
829,1,M,north,29,47.86,0,0.2523,0.1229
830,1,M,west,45,20.94,1,0.1191,0.1092
831,1,F,east,41,3.44,0,0.2616,0.137
832,1,M,north,52,51.07,0,0.1645,0.001
833,1,M,north,26,20.49,1,0.1129,0.271
834,1,F,west,15,112.73,0,0.6357,0.3717
835,1,F,east,58,81.14,0,0.001,0.001
836,1,F,south,2,14.35,1,0.999,0.7927
837,1,M,north,53,60.54,0,0.001,0.001
838,1,F,south,30,35.14,0,0.1078,0.192
839,1,M,north,12,43.59,0,0.5805,0.3903
840,1,F,west,16,135.79,0,0.1168,0.2798
841,1,M,south,11,104.11,0,0.1674,0.2639
842,1,F,south,33,51.04,0,0.0579,0.1161
843,1,F,east,12,35.8,0,0.4612,0.4447
844,1,F,west,56,19.48,0,0.001,0.001
845,1,F,west,46,24.3,0,0.1641,0.0759
846,1,F,north,18,167.3,0,0.2013,0.1178
847,1,M,north,16,170.55,1,0.0921,0.0843
848,1,F,south,3,107.76,0,0.5935,0.4381
849,1,M,east,48,212.23,0,0.001,0.001
850,1,M,south,8,119.72,0,0.1415,0.2862
851,1,M,south,45,47.72,0,0.001,0.044
852,1,M,south,54,36.18,0,0.0913,0.0029
853,1,F,east,26,38.98,0,0.4334,0.1904
854,1,F,north,39,40.3,0,0.001,0.0359
855,1,F,east,33,68.67,0,0.4052,0.0446
856,1,F,east,59,24.83,0,0.001,0.0752
857,1,M,north,8,40.53,0,0.5225,0.5001
858,1,F,south,18,75.61,0,0.001,0.3014
859,1,F,east,19,48.64,0,0.2368,0.2868
860,1,F,south,5,40.35,1,0.768,0.6412
861,1,F,south,46,89.92,0,0.0103,0.0484
862,1,F,south,25,29.67,0,0.5169,0.2368
863,1,M,west,15,15.85,0,0.6738,0.6663
864,1,F,west,43,43.63,0,0.4308,0.0972
865,1,F,east,21,60.04,0,0.0436,0.2228
866,1,M,west,41,9.38,0,0.001,0.1541
867,1,F,east,31,104.67,0,0.1358,0.0887
868,1,M,east,50,7.33,0,0.001,0.0959
869,1,F,south,24,129.16,0,0.4607,0.0809
870,1,M,west,48,61.89,0,0.0531,0.0383
871,1,F,south,53,39.67,0,0.0026,0.001
872,1,F,east,32,9.65,0,0.2906,0.1541
873,1,M,south,16,99.46,0,0.2214,0.2345
874,1,F,south,22,24.79,0,0.1686,0.3067
875,1,M,south,50,98.27,0,0.2343,0.001
876,1,F,south,15,73.6,0,0.4264,0.2799
877,1,M,west,34,120.31,0,0.001,0.0568
878,1,F,north,11,36.23,0,0.5789,0.469
879,1,F,west,5,126.25,1,0.5763,0.5326
880,1,F,north,38,22.79,0,0.3485,0.0652
881,1,M,north,45,78.47,0,0.0385,0.001
882,1,M,south,18,92.66,0,0.1084,0.1854
883,1,M,east,55,68.99,0,0.001,0.001
884,1,F,east,55,31.25,0,0.0058,0.0163
885,1,M,east,8,125.1,1,0.6818,0.402
886,1,M,east,50,29.77,0,0.001,0.0684
887,1,M,north,35,138.98,0,0.001,0.0638
888,1,F,east,51,80.89,0,0.0608,0.001
889,1,F,north,15,32.42,1,0.5553,0.4263
890,1,F,north,49,16.63,0,0.2936,0.0937
891,1,M,north,28,71.55,0,0.001,0.0931
892,1,M,east,40,94.5,0,0.001,0.0619
893,1,F,south,30,30.29,0,0.128,0.2251
894,1,F,west,9,133.46,1,0.999,0.4276
895,1,M,north,38,82.25,0,0.001,0.0734
896,1,M,north,56,9.92,0,0.1426,0.0405
897,1,M,east,31,57.62,0,0.4114,0.1156
898,1,M,east,50,79.04,0,0.0023,0.021
899,1,F,south,48,27.16,0,0.1981,0.055
900,1,M,south,15,28.42,1,0.7771,0.4127
901,1,F,south,17,160.45,0,0.1054,0.1173
902,1,M,west,18,24.9,0,0.6644,0.6079
903,1,M,east,12,76.24,0,0.4052,0.3694
904,1,M,north,28,28.02,0,0.4326,0.2331
905,1,M,east,52,9.13,0,0.016,0.0376
906,1,M,east,50,83.35,0,0.001,0.0215
907,1,M,west,18,97.39,0,0.1808,0.3501
908,1,M,north,54,12.32,0,0.001,0.0628
909,1,M,south,50,138.51,0,0.0414,0.001
910,1,F,west,19,77.98,0,0.7106,0.3194
911,1,M,south,8,68.77,1,0.5644,0.4326
912,1,F,south,34,85.95,0,0.2093,0.001
913,1,M,south,46,95.04,0,0.001,0.0296
914,1,F,south,56,201.09,0,0.0655,0.0136
915,1,M,east,29,15.34,0,0.001,0.1966
916,1,M,east,27,42.0,0,0.2318,0.1862
917,1,F,west,45,118.83,0,0.0954,0.1101
918,1,F,south,49,20.69,0,0.0854,0.0439
919,1,M,north,42,80.96,0,0.001,0.001
920,1,M,north,16,108.25,0,0.0191,0.2026
921,1,M,east,16,55.44,0,0.6864,0.3376
922,1,F,west,22,97.66,0,0.1618,0.3147
923,1,F,east,19,88.69,0,0.8398,0.3097
924,1,M,north,5,61.84,1,0.3443,0.5492
925,1,F,south,9,24.22,1,0.999,0.6182
926,1,F,west,29,63.07,0,0.3988,0.214
927,1,M,north,32,48.48,0,0.0452,0.1683
928,1,M,north,5,33.42,0,0.7188,0.6624
929,1,M,east,47,42.77,0,0.1651,0.0468
930,1,F,north,25,25.3,1,0.6063,0.2468
931,1,F,south,26,100.76,0,0.0136,0.0694
932,1,M,east,43,64.31,0,0.1955,0.0112
933,1,F,west,52,13.24,1,0.4509,0.0583
934,1,F,south,35,78.31,0,0.037,0.1068
935,1,M,south,3,46.14,0,0.7446,0.643
936,1,M,south,44,17.5,0,0.001,0.1004
937,1,M,east,56,47.44,0,0.1145,0.0096
938,1,F,west,8,53.62,1,0.999,0.6284
939,1,M,south,5,28.94,1,0.3577,0.674
940,1,F,south,20,22.75,1,0.7609,0.3809
941,1,M,east,40,143.59,0,0.001,0.001
942,1,M,south,14,55.86,1,0.2187,0.4091
943,1,M,south,2,2.66,1,0.3718,0.7312
944,1,M,north,15,82.63,1,0.382,0.3002
945,1,F,south,42,23.88,0,0.5172,0.08
946,1,M,south,17,80.54,0,0.1038,0.2126
947,1,F,south,41,119.31,0,0.3948,0.0681
948,1,M,north,22,82.41,0,0.0537,0.1855
949,1,F,south,15,31.65,1,0.2397,0.3581
950,1,M,south,9,139.14,1,0.0655,0.2073
951,1,M,north,57,142.48,0,0.001,0.0425
952,1,F,east,36,28.66,0,0.3777,0.0762
953,1,F,south,28,128.15,0,0.1397,0.0554
954,1,M,south,46,30.35,0,0.001,0.1089
955,1,F,south,18,32.81,0,0.3557,0.4337
956,1,F,north,42,121.98,0,0.3675,0.0657
957,1,M,south,47,108.42,0,0.0587,0.001
958,1,F,east,5,33.32,0,0.7786,0.529
959,1,M,north,57,33.97,0,0.0599,0.001
960,1,F,east,21,36.13,1,0.3524,0.2784
961,1,M,north,5,6.24,1,0.5505,0.7291
962,1,M,north,3,90.58,1,0.4347,0.4579
963,1,M,south,33,8.28,0,0.3901,0.1579
964,1,M,north,25,58.99,0,0.001,0.161
965,1,M,east,4,120.48,1,0.001,0.4386
966,1,F,south,38,49.14,0,0.001,0.0059
967,1,M,east,46,108.95,0,0.0116,0.0093
968,1,F,west,46,33.07,0,0.2642,0.076
969,1,M,south,33,82.36,0,0.001,0.1179
970,1,F,north,22,65.81,0,0.443,0.1956
971,1,M,east,50,94.49,0,0.001,0.0183
972,1,M,east,32,34.41,0,0.001,0.0823
973,1,F,south,54,21.82,0,0.001,0.0324
974,1,F,east,3,46.3,1,0.7374,0.6529
975,1,F,north,33,16.07,0,0.5082,0.2288
976,1,M,north,56,68.03,0,0.001,0.001
977,1,M,east,23,113.4,1,0.0329,0.1085
978,1,F,south,34,49.91,0,0.1598,0.085
979,1,M,west,41,33.28,1,0.3745,0.1083
980,1,F,north,47,67.67,0,0.3611,0.0335
981,1,F,south,43,65.32,0,0.0915,0.0834
982,1,F,east,23,23.52,1,0.5588,0.2466
983,1,M,north,49,54.07,0,0.1849,0.0437
984,1,F,south,27,39.76,0,0.3404,0.2255
985,1,M,south,52,69.56,0,0.001,0.0186
986,1,F,south,18,13.85,1,0.5991,0.3427
987,1,F,north,49,186.92,0,0.2732,0.0419
988,1,M,south,58,97.01,0,0.001,0.001
989,1,M,east,30,100.2,0,0.001,0.0389
990,1,M,north,47,36.12,0,0.001,0.1072
991,1,M,north,42,8.45,0,0.001,0.1356
992,1,F,north,48,34.83,1,0.4473,0.0212
993,1,F,north,6,61.22,0,0.9349,0.5655
994,1,M,south,11,20.6,1,0.2485,0.5602
995,1,F,south,33,34.33,0,0.4554,0.2161
996,1,F,north,14,52.86,1,0.2013,0.3766
997,1,F,north,43,49.05,0,0.001,0.03
998,1,F,south,27,139.27,0,0.001,0.0854
999,1,F,south,18,27.95,0,0.159,0.4135
1000,1,F,west,35,70.29,0,0.4468,0.1355
1001,1,M,south,16,11.63,1,0.4895,0.5706
1002,1,F,north,14,32.83,0,0.6581,0.4835
1003,1,F,north,11,63.2,0,0.482,0.4239
1004,1,F,north,12,126.15,0,0.8772,0.2748
1005,1,F,south,2,68.0,0,0.999,0.6321
1006,1,F,south,44,29.31,1,0.0737,0.067
1007,1,F,north,45,46.0,0,0.0017,0.0125
1008,1,F,south,17,58.18,0,0.001,0.273
1009,1,F,east,32,52.1,0,0.2247,0.1255
1010,1,M,west,3,32.13,1,0.999,0.8171
1011,1,F,south,13,113.3,0,0.2392,0.3013
1012,1,F,north,34,36.01,0,0.3686,0.0776
1013,1,F,north,43,65.04,0,0.3382,0.001
1014,1,M,south,6,14.71,0,0.4509,0.6328
1015,1,F,north,50,38.11,0,0.001,0.0019
1016,1,M,east,1,61.22,0,0.999,0.6787
1017,1,F,south,7,35.37,1,0.835,0.5465
1018,1,M,north,49,3.89,0,0.1035,0.0599
1019,1,M,east,57,25.9,0,0.001,0.0781
1020,1,M,south,9,22.77,1,0.5501,0.5566
1021,1,M,north,46,47.11,0,0.001,0.0557
1022,1,F,east,40,35.12,0,0.503,0.1626
1023,1,F,north,15,28.12,0,0.5205,0.4221
1024,1,M,west,11,51.48,0,0.3634,0.6523
1025,1,M,east,18,40.23,1,0.3756,0.341
1026,1,M,west,22,67.12,1,0.001,0.42
1027,1,M,north,39,61.53,0,0.0309,0.0864
1028,1,M,east,27,45.43,1,0.0516,0.1982
1029,1,F,north,10,5.9,1,0.7951,0.6262
1030,1,M,south,35,4.41,0,0.1368,0.1493
1031,1,F,south,1,28.91,1,0.999,0.6817
1032,1,F,east,31,43.88,0,0.4356,0.1048
1033,1,M,east,13,51.64,0,0.001,0.4091
1034,1,M,north,52,50.15,0,0.001,0.001
1035,1,F,north,22,66.99,0,0.4689,0.1813
1036,1,M,north,45,113.71,0,0.001,0.001
1037,1,F,north,58,67.19,0,0.1583,0.0316
1038,1,M,east,38,24.76,0,0.1237,0.043
1039,1,F,west,39,50.64,1,0.4193,0.1118
1040,1,M,north,49,107.09,0,0.001,0.0174
1041,1,F,north,5,77.34,1,0.5933,0.5236
1042,1,F,west,4,144.73,0,0.4972,0.5921
1043,1,M,south,19,51.88,0,0.0663,0.2945
1044,1,F,north,33,48.81,0,0.2875,0.0704
1045,1,M,north,13,38.16,0,0.2769,0.4484
1046,1,M,west,32,159.01,0,0.0835,0.1361
1047,1,M,north,44,29.5,0,0.001,0.0547
1048,1,F,north,45,132.37,0,0.001,0.001
1049,1,F,west,54,61.23,0,0.2437,0.001
1050,1,F,west,54,39.93,0,0.1073,0.0155
1051,1,F,north,4,17.4,0,0.9364,0.7367
1052,1,M,west,28,81.17,1,0.001,0.2513
1053,1,F,south,20,11.42,1,0.4838,0.3218
1054,1,M,east,12,59.66,0,0.3188,0.4715
1055,1,F,north,16,101.86,0,0.1263,0.1808
1056,1,F,south,58,6.41,0,0.0698,0.0451
1057,1,M,north,28,6.7,1,0.001,0.2646
1058,1,F,west,52,141.37,0,0.3972,0.001
1059,1,F,north,57,73.54,0,0.0533,0.0092
1060,1,M,east,1,21.97,1,0.999,0.7312
1061,1,F,east,36,68.31,0,0.001,0.001
1062,1,M,north,39,89.54,0,0.001,0.0541
1063,1,F,west,19,7.97,0,0.6332,0.5824
1064,1,F,south,15,51.29,0,0.4836,0.3026
1065,1,F,east,28,72.22,0,0.8845,0.0946
1066,1,M,east,19,19.5,0,0.0696,0.4366
1067,1,F,south,17,102.93,0,0.0857,0.1951
1068,1,M,south,27,59.69,0,0.038,0.199
1069,1,F,north,50,27.39,0,0.2258,0.001
1070,1,M,south,39,92.25,0,0.001,0.0908
1071,1,M,east,22,33.0,0,0.604,0.2708
1072,1,M,west,50,104.21,0,0.001,0.0517
1073,1,F,south,23,180.14,0,0.0014,0.0855
1074,1,M,north,50,71.58,0,0.001,0.0271
1075,1,F,east,3,86.68,0,0.5989,0.5733
1076,1,F,north,36,81.46,0,0.0497,0.0974
1077,1,M,west,44,61.63,1,0.7096,0.0746
1078,1,F,east,24,17.83,0,0.6828,0.3291
1079,1,M,west,43,28.35,0,0.001,0.1212
1080,1,M,north,5,29.39,0,0.3925,0.6217
1081,1,M,west,18,71.85,1,0.4997,0.4825
1082,1,M,east,52,22.52,0,0.001,0.0819
1083,1,F,west,17,150.28,0,0.4771,0.247
1084,1,F,south,13,6.37,1,0.8505,0.5184
1085,1,F,north,51,51.77,0,0.079,0.0341
1086,1,M,west,55,27.57,0,0.001,0.084
1087,1,F,east,18,24.86,0,0.3105,0.4148
1088,1,M,south,29,83.09,1,0.001,0.0391
1089,1,F,west,57,65.23,0,0.001,0.0165
1090,1,F,north,12,66.93,0,0.556,0.3697
1091,1,F,north,56,32.52,0,0.0735,0.001
1092,1,M,west,15,13.13,1,0.2817,0.6979
1093,1,F,north,26,72.35,0,0.2844,0.1082
1094,1,F,south,44,24.17,0,0.3505,0.001
1095,1,M,east,50,10.88,0,0.001,0.0641
1096,1,M,south,52,35.46,0,0.001,0.0658
1097,1,F,west,59,40.09,0,0.0778,0.0313
1098,1,F,south,46,30.71,0,0.4242,0.0218
1099,1,M,south,39,4.82,0,0.2909,0.1424
1100,1,F,north,55,15.13,0,0.1665,0.001
1101,1,F,north,31,65.91,0,0.0524,0.0631
1102,1,F,north,42,52.29,0,0.3954,0.1131
1103,1,F,south,4,60.47,0,0.4883,0.5682
1104,1,M,north,44,91.28,0,0.1019,0.0055
1105,1,F,north,51,143.13,0,0.1324,0.001
1106,1,F,east,55,49.65,0,0.446,0.0222
1107,1,M,south,20,7.42,0,0.3425,0.3997
1108,1,M,north,24,6.9,0,0.001,0.2789
1109,1,M,south,17,21.39,0,0.2838,0.4361
1110,1,F,north,10,30.48,1,0.1237,0.5551
1111,1,M,north,3,9.7,1,0.7855,0.7868
1112,1,F,east,57,106.25,0,0.001,0.001
1113,1,F,east,50,43.01,0,0.001,0.001
1114,1,M,north,56,71.55,0,0.1708,0.053
1115,1,F,east,30,7.65,1,0.3662,0.181
1116,1,M,east,26,86.5,0,0.0725,0.1455
1117,1,M,north,46,56.5,0,0.001,0.0757
1118,1,F,east,27,20.07,1,0.1317,0.2714
1119,1,M,south,13,19.36,0,0.5516,0.4688
1120,1,M,south,50,89.06,0,0.001,0.0263
1121,1,F,east,26,55.38,0,0.4468,0.1449
1122,1,F,east,36,83.61,0,0.0928,0.0826
1123,1,F,north,49,47.58,0,0.1464,0.0636
1124,1,M,south,44,65.52,0,0.001,0.0503
1125,1,F,south,59,156.67,0,0.2295,0.001
1126,1,F,south,56,13.86,0,0.363,0.0466
1127,1,M,south,4,22.55,0,0.5519,0.7118
1128,1,M,south,51,13.4,0,0.001,0.001
1129,1,M,north,13,50.54,0,0.4345,0.4447
1130,1,F,north,10,41.93,1,0.7493,0.5666
1131,1,F,west,57,60.64,0,0.1225,0.0174
1132,1,F,south,46,42.03,0,0.3437,0.0322
1133,1,F,south,9,45.24,0,0.7677,0.4815
1134,1,M,south,43,30.72,0,0.001,0.0822
1135,1,F,south,33,41.22,0,0.0981,0.1149
1136,1,F,south,11,27.75,0,0.9027,0.5004
1137,1,M,east,51,65.47,0,0.0614,0.0773
1138,1,M,east,30,12.62,0,0.3078,0.2492
1139,1,F,east,17,25.81,0,0.3634,0.3783
1140,1,F,east,10,90.12,0,0.3068,0.4044
1141,1,F,south,56,87.31,0,0.0427,0.0046
1142,1,M,south,29,119.34,0,0.2055,0.1178
1143,1,M,south,36,93.84,0,0.001,0.1354
1144,1,M,north,42,74.18,0,0.1932,0.0019
1145,1,M,east,42,69.52,0,0.001,0.0316
1146,1,M,south,49,66.25,0,0.1406,0.033
1147,1,F,north,48,23.27,0,0.3168,0.001
1148,1,M,north,58,56.32,0,0.001,0.0423
1149,1,F,east,42,135.75,0,0.1501,0.0059
1150,1,F,south,6,31.71,0,0.7007,0.5227
1151,1,M,south,16,19.58,0,0.1431,0.4445
1152,1,F,north,15,37.27,1,0.58,0.4514
1153,1,M,north,43,21.43,0,0.001,0.052
1154,1,M,east,13,16.39,0,0.6759,0.5642
1155,1,M,east,10,89.21,0,0.3392,0.3934
1156,1,M,south,10,58.91,1,0.2616,0.477
1157,1,M,south,59,30.5,0,0.001,0.0175
1158,1,M,north,4,75.21,1,0.318,0.5348
1159,1,M,east,54,105.0,0,0.001,0.0062
1160,1,M,south,54,18.97,0,0.2597,0.001
1161,1,M,east,3,28.76,1,0.3906,0.7304
1162,1,F,north,45,54.21,1,0.2641,0.0499
1163,1,M,west,12,140.52,1,0.4696,0.3424
1164,1,M,east,33,30.27,0,0.001,0.0654
1165,1,M,north,58,91.78,0,0.2251,0.0251
1166,1,M,south,23,34.54,0,0.0591,0.2122
1167,1,F,south,44,80.55,0,0.3584,0.0497
1168,1,F,south,41,12.93,0,0.076,0.0954
1169,1,M,east,30,111.18,0,0.001,0.0643
1170,1,M,north,4,55.6,1,0.5653,0.5791
1171,1,F,west,2,81.37,1,0.7293,0.8373
1172,1,M,south,29,180.34,0,0.001,0.0759
1173,1,F,south,24,71.95,0,0.0902,0.1413
1174,1,F,north,38,51.83,0,0.1927,0.0539
1175,1,F,west,35,89.92,0,0.1664,0.0521
1176,1,M,east,13,92.81,1,0.169,0.1935
1177,1,M,south,5,83.87,0,0.5547,0.4751
1178,1,F,south,52,4.85,0,0.2852,0.0164
1179,1,F,south,8,38.43,1,0.8353,0.5482
1180,1,M,east,47,114.14,0,0.2052,0.001
1181,1,F,east,54,64.63,0,0.001,0.0714
1182,1,M,east,31,92.95,0,0.0156,0.0908
1183,1,F,east,44,37.15,0,0.001,0.0376
1184,1,M,south,6,28.03,0,0.6979,0.5116
1185,1,F,north,24,119.53,0,0.252,0.1041
1186,1,M,west,1,75.87,1,0.999,0.7683
1187,1,M,south,3,54.12,0,0.3621,0.673
1188,1,F,east,24,19.34,1,0.3177,0.202
1189,1,M,east,19,51.85,1,0.5323,0.3183
1190,1,F,south,47,31.28,0,0.0789,0.0974
1191,1,F,south,48,13.21,0,0.0335,0.0368
1192,1,M,north,51,72.56,0,0.2189,0.059
1193,1,F,east,3,15.6,0,0.8416,0.7278
1194,1,M,east,50,108.71,0,0.3588,0.0286
1195,1,M,north,49,79.46,0,0.1328,0.0023
1196,1,M,west,2,31.66,1,0.999,0.8126
1197,1,M,north,57,11.99,0,0.2115,0.0057
1198,1,F,west,18,12.05,1,0.9115,0.6159
1199,1,F,north,17,14.81,1,0.3934,0.4566
1200,1,F,south,1,55.25,1,0.988,0.6519
1201,1,F,west,12,24.9,1,0.8302,0.733
1202,1,F,east,42,37.68,0,0.0418,0.0188
1203,1,M,west,26,56.77,1,0.0166,0.4161
1204,1,M,east,45,9.61,0,0.1742,0.0337
1205,1,F,west,31,94.45,0,0.4307,0.1404
1206,1,F,north,44,63.46,0,0.3393,0.0704
1207,1,F,east,6,6.69,0,0.7141,0.6731
1208,1,M,east,7,162.59,0,0.162,0.2574
1209,1,M,east,49,95.53,0,0.062,0.001
1210,1,F,south,52,70.28,0,0.001,0.0249
1211,1,M,east,33,19.41,0,0.001,0.1795
1212,1,F,north,20,60.79,0,0.4169,0.3401
1213,1,M,east,41,54.21,0,0.001,0.0706
1214,1,F,south,40,46.93,0,0.001,0.1073
1215,1,M,east,53,129.1,0,0.001,0.001
1216,1,M,south,19,19.93,0,0.1653,0.3339
1217,1,F,east,12,32.71,1,0.5481,0.4098
1218,1,M,east,41,53.26,0,0.0165,0.0717
1219,1,F,south,40,141.84,0,0.001,0.0444
1220,1,M,east,6,61.14,0,0.5997,0.5698
1221,1,M,south,54,46.49,0,0.0034,0.0159
1222,1,M,north,26,73.6,0,0.5642,0.099
1223,1,M,east,1,70.02,1,0.5916,0.6228
1224,1,F,south,8,122.58,1,0.4781,0.3904
1225,1,M,west,55,28.65,0,0.0643,0.0384
1226,1,F,south,5,21.54,0,0.2956,0.6829
1227,1,M,east,53,92.75,0,0.001,0.001
1228,1,M,north,39,76.04,0,0.001,0.059
1229,1,F,south,20,32.06,0,0.2247,0.2278
1230,1,F,east,3,77.89,1,0.4241,0.4892
1231,1,M,east,46,36.92,0,0.1153,0.0623
1232,1,M,north,24,169.92,0,0.1328,0.054
1233,1,M,south,20,24.14,1,0.4638,0.3439
1234,1,F,west,45,21.18,0,0.2835,0.1195
1235,1,M,east,49,95.68,0,0.0521,0.0021
1236,1,F,north,18,33.8,0,0.4772,0.4286
1237,1,M,south,3,54.67,0,0.4606,0.7125
1238,1,F,south,4,83.99,0,0.5847,0.4821
1239,1,M,east,3,46.82,1,0.6051,0.6717
1240,1,F,east,26,195.29,0,0.1725,0.0983
1241,1,F,west,15,21.72,0,0.9199,0.7053
1242,1,M,east,13,54.49,0,0.5753,0.3988
1243,1,M,east,3,7.65,1,0.757,0.7657
1244,1,M,west,8,30.33,1,0.4372,0.6942
1245,1,M,north,53,110.95,0,0.1433,0.001
1246,1,M,north,23,62.27,0,0.0025,0.1869
1247,1,M,north,19,87.37,0,0.5398,0.2305
1248,1,F,east,22,47.15,0,0.001,0.2904
1249,1,M,south,50,52.0,0,0.001,0.001
1250,1,F,west,22,5.12,1,0.8649,0.6004
1251,1,F,south,44,87.8,0,0.2474,0.0254
1252,1,M,south,7,9.81,0,0.547,0.6416
1253,1,M,north,10,57.22,0,0.4941,0.4288
1254,1,F,south,32,77.74,0,0.2213,0.085
1255,1,F,south,20,41.49,1,0.5168,0.3821
1256,1,F,east,36,58.55,0,0.3095,0.0833
1257,1,M,east,33,82.38,0,0.1933,0.0232
1258,1,M,south,29,27.94,0,0.4137,0.1667
1259,1,F,south,15,8.31,1,0.2504,0.4366
1260,1,F,south,30,148.43,0,0.001,0.0095
1261,1,F,south,55,56.2,0,0.5307,0.0108
1262,1,M,west,42,129.54,0,0.001,0.0268
1263,1,M,north,58,24.8,0,0.001,0.0545
1264,1,F,south,5,67.44,1,0.4087,0.5679
1265,1,F,north,8,71.36,0,0.6621,0.3963
1266,1,M,west,47,130.79,0,0.4229,0.0619
1267,1,F,west,51,93.66,0,0.5165,0.001
1268,1,M,north,14,141.44,0,0.001,0.193
1269,1,F,south,16,38.68,1,0.6066,0.499
1270,1,M,north,1,98.84,0,0.374,0.5417
1271,1,F,north,58,56.04,0,0.1271,0.001
1272,1,F,south,11,90.26,1,0.5611,0.406
1273,1,F,north,45,71.33,0,0.001,0.0152
1274,1,M,north,43,39.37,0,0.001,0.0243
1275,1,M,east,30,134.43,0,0.0761,0.0389
1276,1,M,west,1,16.81,1,0.921,0.8968
1277,1,M,south,3,101.2,0,0.3644,0.5413
1278,1,F,north,27,14.75,0,0.2345,0.1375
1279,1,F,north,1,4.92,1,0.999,0.7772
1280,1,F,west,3,79.02,1,0.9122,0.7035
1281,1,M,north,45,27.86,0,0.2489,0.0514
1282,1,M,east,8,162.27,1,0.2344,0.229
1283,1,M,south,51,154.74,0,0.1686,0.0022
1284,1,M,east,55,53.05,0,0.001,0.0065
1285,1,F,south,11,58.67,0,0.5429,0.4623
1286,1,F,east,42,76.56,0,0.5483,0.0621
1287,1,F,south,47,38.95,0,0.001,0.0039
1288,1,F,north,20,49.5,1,0.6603,0.2721
1289,1,F,east,53,64.15,0,0.3708,0.0324
1290,1,M,north,55,12.74,0,0.001,0.0177
1291,1,M,north,39,31.95,0,0.001,0.1067
1292,1,F,west,46,70.99,0,0.2917,0.1092
1293,1,M,north,28,46.11,1,0.1243,0.1276
1294,1,M,north,32,35.37,0,0.001,0.1506
1295,1,F,west,35,67.08,0,0.001,0.0932
1296,1,M,south,20,99.23,0,0.3735,0.1539
1297,1,M,west,2,111.14,1,0.3712,0.647
1298,1,F,east,9,106.63,0,0.2208,0.3345
1299,1,F,north,13,26.87,0,0.6516,0.3642
1300,1,F,south,56,130.74,0,0.1333,0.001
1301,1,M,east,57,59.55,0,0.078,0.0072
1302,1,M,south,51,26.17,0,0.001,0.0696
1303,1,F,south,45,17.2,0,0.4048,0.0875
1304,1,M,north,48,33.82,0,0.001,0.061
1305,1,F,east,6,30.95,1,0.999,0.6371
1306,1,F,north,33,81.41,0,0.1372,0.001
1307,1,F,south,37,17.95,0,0.1808,0.0759
1308,1,F,north,2,60.57,1,0.3772,0.6753
1309,1,F,east,34,24.18,0,0.6022,0.0884
1310,1,M,south,10,39.06,0,0.7224,0.4452
1311,1,M,east,47,49.19,0,0.2925,0.0623
1312,1,M,east,32,65.29,1,0.3332,0.0716
1313,1,M,south,19,35.33,1,0.4054,0.3525
1314,1,F,east,9,23.19,1,0.3553,0.5756
1315,1,M,north,25,62.05,1,0.4597,0.1585
1316,1,F,south,40,58.69,0,0.2007,0.0115
1317,1,M,north,24,77.24,0,0.0569,0.1157
1318,1,F,north,57,44.15,0,0.001,0.0515
1319,1,F,north,7,12.68,1,0.7681,0.6391
1320,1,M,north,43,122.05,0,0.001,0.069
1321,1,M,east,27,115.91,0,0.001,0.0544
1322,1,F,north,56,53.03,0,0.2578,0.001
1323,1,F,south,36,55.34,0,0.177,0.1217
1324,1,F,east,28,49.57,1,0.2913,0.1831
1325,1,F,north,29,87.01,0,0.0308,0.112
1326,1,M,south,23,102.56,0,0.0916,0.1603
1327,1,M,north,3,37.88,1,0.889,0.6763
1328,1,M,north,7,19.75,1,0.2777,0.6097
1329,1,M,north,3,51.89,0,0.2599,0.5822
1330,1,F,north,49,5.4,0,0.3466,0.0663
1331,1,F,north,50,41.81,0,0.001,0.001
1332,1,F,north,8,94.86,1,0.4754,0.3943
1333,1,F,north,20,47.18,0,0.5018,0.3055
1334,1,M,east,8,10.65,0,0.6565,0.6518
1335,1,M,north,25,7.87,1,0.061,0.2908
1336,1,M,east,17,52.43,0,0.2643,0.3647
1337,1,M,north,20,20.15,0,0.4534,0.3334
1338,1,F,west,42,17.3,0,0.2387,0.1794
1339,1,M,east,48,29.88,0,0.3008,0.0294
1340,1,F,east,49,109.77,0,0.001,0.0338
1341,1,M,north,30,30.81,0,0.001,0.1187
1342,1,F,north,46,36.16,0,0.001,0.001
1343,1,F,north,18,34.97,0,0.7336,0.3435
1344,1,M,east,31,7.82,0,0.2142,0.2696
1345,1,M,north,45,34.99,0,0.001,0.0615
1346,1,M,east,8,50.21,1,0.6363,0.5275
1347,1,F,south,25,46.63,1,0.8092,0.2053
1348,1,F,east,47,22.48,0,0.2058,0.0418
1349,1,M,east,27,27.99,0,0.0993,0.2488
1350,1,M,east,28,84.38,0,0.001,0.0973
1351,1,F,south,3,46.32,1,0.8303,0.6232
1352,1,M,east,47,81.71,0,0.001,0.0723
1353,1,M,north,32,136.64,0,0.001,0.0077
1354,1,M,west,10,8.36,1,0.7855,0.7478
1355,1,F,north,49,33.97,0,0.2089,0.0042
1356,1,M,west,28,64.45,0,0.0206,0.2811
1357,1,F,north,50,129.52,0,0.2606,0.001
1358,1,M,north,11,43.39,1,0.2942,0.4772
1359,1,M,north,20,103.26,0,0.0722,0.1191
1360,1,F,north,19,56.93,0,0.6549,0.2664
1361,1,M,north,44,56.08,0,0.0565,0.0563
1362,1,F,west,36,92.32,0,0.7952,0.0621
1363,1,F,west,9,101.61,0,0.3492,0.5471
1364,1,M,east,28,16.41,0,0.1619,0.2252
1365,1,F,east,4,120.1,1,0.4138,0.4145
1366,1,M,west,40,55.58,0,0.2697,0.1581
1367,1,M,south,36,32.0,0,0.0553,0.1025
1368,1,M,north,23,61.57,0,0.2732,0.1548
1369,1,M,south,9,15.19,1,0.5181,0.5364
1370,1,M,east,28,3.29,1,0.5854,0.2492
1371,1,M,south,12,26.66,1,0.4602,0.549
1372,1,M,south,38,63.23,0,0.2255,0.0226
1373,1,F,north,16,65.12,0,0.3487,0.2645
1374,1,F,north,24,35.26,1,0.5474,0.2738
1375,1,M,east,13,35.19,1,0.0429,0.4623
1376,1,M,south,5,78.64,1,0.354,0.5627
1377,1,F,south,6,33.84,0,0.7287,0.5925
1378,1,F,west,40,22.63,1,0.4334,0.1498
1379,1,M,south,6,88.45,0,0.7842,0.4146
1380,1,F,west,10,47.62,0,0.7631,0.7079
1381,1,M,north,17,7.13,1,0.409,0.4949
1382,1,M,north,3,45.44,0,0.7028,0.701
1383,1,F,east,27,67.45,1,0.001,0.098
1384,1,M,west,54,186.23,0,0.1247,0.0444
1385,1,M,east,24,5.71,1,0.001,0.2714
1386,1,M,east,2,32.73,1,0.6295,0.6009
1387,1,F,east,5,36.7,1,0.9677,0.5756
1388,1,F,west,5,71.5,1,0.6551,0.7099
1389,1,F,east,51,73.88,0,0.2361,0.0547
1390,1,F,north,13,76.18,0,0.3222,0.318
1391,1,M,south,8,24.42,0,0.3468,0.5526
1392,1,M,east,53,116.31,0,0.1151,0.004
1393,1,M,north,1,94.54,1,0.3698,0.5644
1394,1,F,east,42,47.24,0,0.117,0.001
1395,1,F,east,42,120.2,0,0.1006,0.0836
1396,1,F,north,5,50.55,1,0.7903,0.6104
1397,1,F,south,41,55.75,0,0.1515,0.1015
1398,1,M,west,35,76.41,0,0.112,0.1162
1399,1,M,north,35,12.48,0,0.1842,0.1092
1400,1,F,south,38,134.5,0,0.2399,0.0184
1401,1,F,south,38,52.73,1,0.1202,0.0646
1402,1,M,south,22,18.31,1,0.1631,0.3368
1403,1,F,west,57,25.28,0,0.2676,0.0696
1404,1,M,north,2,86.39,0,0.3514,0.4801
1405,1,M,south,53,48.87,0,0.001,0.0045
1406,1,M,north,28,32.78,0,0.2583,0.1693
1407,1,F,east,16,98.12,0,0.1952,0.2311
1408,1,F,west,12,53.88,0,0.7981,0.5997
1409,1,F,south,55,5.06,0,0.2246,0.0297
1410,1,M,north,53,72.22,0,0.001,0.0096
1411,1,F,south,48,53.97,0,0.001,0.0219
1412,1,F,south,28,73.99,0,0.7935,0.1295
1413,1,F,west,2,157.96,1,0.7386,0.5249
1414,1,F,north,58,71.19,0,0.001,0.0214
1415,1,F,north,43,60.94,0,0.0306,0.0564
1416,1,F,north,6,34.52,0,0.9792,0.5653
1417,1,M,east,45,101.74,0,0.001,0.0408
1418,1,M,east,37,72.35,0,0.0919,0.1002
1419,1,F,north,6,9.49,0,0.8567,0.7051
1420,1,M,south,44,16.7,0,0.001,0.0345
1421,1,M,south,59,19.78,0,0.2194,0.055
1422,1,F,south,51,21.67,0,0.0569,0.0576
1423,1,M,south,23,27.25,0,0.3853,0.3131
1424,1,M,south,51,27.87,0,0.001,0.001
1425,1,F,west,37,59.33,0,0.2899,0.1447
1426,1,F,east,47,27.53,0,0.0333,0.001
1427,1,M,north,47,93.17,0,0.1873,0.0517
1428,1,M,north,7,27.94,0,0.8523,0.6269
1429,1,F,north,4,44.43,0,0.6865,0.6536
1430,1,F,north,15,1.3,0,0.4125,0.5854
1431,1,F,north,48,25.8,0,0.2614,0.0219
1432,1,F,east,30,119.14,1,0.068,0.0399
1433,1,M,east,23,48.45,1,0.3768,0.2267
1434,1,F,north,29,156.91,0,0.0832,0.0492
1435,1,F,east,2,91.22,0,0.4026,0.5112
1436,1,M,south,51,21.91,0,0.001,0.001
1437,1,M,south,50,41.06,0,0.2224,0.0194
1438,1,M,west,12,22.85,1,0.6637,0.6943
1439,1,M,north,2,5.12,1,0.9631,0.7688
1440,1,F,north,16,13.91,1,0.8384,0.5041
1441,1,F,west,18,46.91,1,0.6017,0.5792
1442,1,M,north,22,89.98,0,0.001,0.132
1443,1,M,north,46,26.31,0,0.001,0.0591
1444,1,F,south,3,17.11,1,0.8727,0.7313
1445,1,M,north,21,36.84,0,0.1627,0.2414
1446,1,F,west,57,64.21,0,0.001,0.0559
1447,1,F,north,15,50.19,0,0.59,0.38
1448,1,F,west,12,41.88,1,0.8823,0.675
1449,1,F,north,58,32.05,0,0.0615,0.0506
1450,1,M,east,19,10.02,1,0.542,0.4219
1451,1,F,west,47,61.08,0,0.0583,0.1006
1452,1,M,east,17,230.63,0,0.001,0.0749
1453,1,M,south,21,91.45,0,0.0127,0.2009
1454,1,F,south,48,30.87,0,0.347,0.0633
1455,1,M,north,3,18.67,1,0.722,0.7413
1456,1,M,west,29,67.39,0,0.4423,0.2173
1457,1,F,south,32,12.71,0,0.1135,0.3026
1458,1,F,west,22,30.44,0,0.7293,0.4735
1459,1,M,south,30,13.7,0,0.4095,0.1942
1460,1,M,north,42,64.8,0,0.2208,0.0613
1461,1,F,south,37,50.37,1,0.5234,0.0904
1462,1,F,east,17,4.73,0,0.9622,0.425
1463,1,M,south,49,5.65,0,0.001,0.001
1464,1,M,east,16,40.13,0,0.3731,0.3737
1465,1,F,east,36,21.47,0,0.2512,0.1489
1466,1,F,south,22,29.11,1,0.7398,0.2681
1467,1,M,north,49,28.59,0,0.001,0.001
1468,1,M,north,8,5.95,0,0.7163,0.6435
1469,1,F,north,35,106.09,0,0.001,0.001
1470,1,M,south,49,46.57,0,0.001,0.001
1471,1,M,south,52,37.47,0,0.001,0.0202
1472,1,F,east,17,45.81,0,0.798,0.3591
1473,1,M,west,48,190.7,0,0.001,0.0354
1474,1,F,south,16,23.73,0,0.8152,0.4352
1475,1,M,east,33,197.15,0,0.1666,0.0945
1476,1,F,west,7,145.58,1,0.6199,0.4454
1477,1,F,north,9,17.31,0,0.7928,0.5713
1478,1,F,south,20,43.62,0,0.3311,0.3193
1479,1,F,south,38,32.52,0,0.3433,0.024
1480,1,F,north,6,128.46,0,0.8785,0.3483
1481,1,F,south,12,46.93,1,0.7169,0.425
1482,1,F,north,30,2.25,0,0.4102,0.2152
1483,1,M,south,47,47.89,0,0.3655,0.038
1484,1,M,north,16,20.98,1,0.611,0.3937
1485,1,F,west,54,156.6,0,0.001,0.001
1486,1,F,east,19,32.93,0,0.5532,0.308
1487,1,M,south,46,49.79,0,0.001,0.079
1488,1,F,south,12,14.92,1,0.4114,0.4944
1489,1,F,north,48,89.02,0,0.001,0.0402
1490,1,M,south,17,46.12,0,0.3374,0.3898
1491,1,F,south,9,20.15,1,0.8605,0.6242
1492,1,F,north,21,65.52,0,0.0509,0.1499
1493,1,F,north,16,58.09,0,0.4303,0.3241
1494,1,F,west,20,17.89,0,0.2571,0.5678
1495,1,M,east,23,30.59,0,0.149,0.2711
1496,1,M,north,34,13.58,0,0.0318,0.0333
1497,1,F,south,47,50.39,0,0.3179,0.0312
1498,1,M,south,54,103.3,0,0.001,0.0161
1499,1,F,south,41,86.09,0,0.496,0.0684
1500,1,F,north,30,4.39,0,0.1178,0.1864
1501,2,M,south,21,45.47,0,0.267,0.2324
1502,2,F,north,17,115.96,0,0.5984,0.1608
1503,2,F,west,52,9.79,0,0.202,0.0942
1504,2,M,east,35,43.42,0,0.001,0.1068
1505,2,F,east,33,158.21,0,0.1887,0.0284
1506,2,M,south,9,36.83,1,0.8004,0.5012
1507,2,M,east,16,40.02,0,0.3666,0.3561
1508,2,F,north,18,45.35,0,0.1797,0.3074
1509,2,F,north,22,23.87,0,0.6229,0.3209
1510,2,F,south,17,48.83,0,0.1555,0.3211
1511,2,F,south,58,9.54,0,0.001,0.0239
1512,2,M,west,43,16.62,0,0.1521,0.1679
1513,2,F,south,54,23.44,0,0.0312,0.001
1514,2,F,east,13,125.18,1,0.1409,0.2369
1515,2,F,north,44,127.21,0,0.1588,0.0366
1516,2,M,east,56,57.18,0,0.001,0.0016
1517,2,M,west,46,128.63,0,0.2847,0.0746
1518,2,F,east,17,212.88,0,0.001,0.1444
1519,2,F,north,29,56.85,0,0.4781,0.1339
1520,2,M,north,28,75.62,0,0.2316,0.057
1521,2,M,east,27,122.0,0,0.001,0.044
1522,2,M,north,24,72.32,0,0.3664,0.175
1523,2,F,west,11,108.28,0,0.4837,0.568
1524,2,M,north,12,116.96,0,0.1797,0.2282
1525,2,M,east,58,85.48,0,0.001,0.0336
1526,2,F,south,47,57.79,0,0.176,0.071
1527,2,M,west,48,44.23,0,0.1438,0.0551
1528,2,F,south,33,66.48,0,0.0586,0.1095
1529,2,M,south,42,36.03,0,0.001,0.0878
1530,2,F,west,20,59.15,0,0.7075,0.5274
1531,2,M,east,51,43.47,0,0.001,0.0747
1532,2,M,west,59,100.46,0,0.1261,0.0494
1533,2,F,east,43,39.35,0,0.001,0.001
1534,2,F,south,5,52.67,0,0.5559,0.5579
1535,2,F,south,58,63.35,0,0.0481,0.0522
1536,2,M,north,52,84.3,0,0.001,0.001
1537,2,M,east,28,81.23,0,0.001,0.1351
1538,2,F,south,17,33.38,1,0.6885,0.3424
1539,2,F,east,28,127.53,0,0.2335,0.0521
1540,2,M,north,55,34.86,0,0.2662,0.0321
1541,2,M,east,20,164.15,0,0.138,0.0805
1542,2,F,east,52,107.44,0,0.001,0.001
1543,2,M,south,26,55.98,0,0.184,0.1359
1544,2,F,west,58,32.21,0,0.2229,0.1424
1545,2,M,north,53,110.44,0,0.001,0.001
1546,2,F,east,22,44.39,1,0.2769,0.2246
1547,2,M,north,32,111.51,0,0.001,0.0195
1548,2,F,east,59,51.61,0,0.2487,0.0101
1549,2,F,west,25,31.28,0,0.2367,0.414
1550,2,M,north,24,53.7,0,0.2387,0.1497
1551,2,M,east,36,122.2,0,0.001,0.092
1552,2,M,south,10,70.47,0,0.5769,0.424
1553,2,M,north,16,150.51,0,0.001,0.0887
1554,2,F,north,46,96.7,0,0.1465,0.001
1555,2,M,east,7,41.73,0,0.5337,0.5633
1556,2,M,north,17,20.85,1,0.5471,0.4256
1557,2,M,east,40,58.55,0,0.001,0.1268
1558,2,F,east,45,39.11,0,0.0819,0.0095
1559,2,M,east,51,34.1,0,0.001,0.0668
1560,2,F,north,18,12.59,0,0.8796,0.3656
1561,2,F,north,44,21.0,0,0.3158,0.0162
1562,2,M,north,24,21.51,0,0.0726,0.3212
1563,2,M,south,56,218.84,0,0.0073,0.0064
1564,2,F,west,54,141.19,0,0.0094,0.001
1565,2,M,south,14,83.39,0,0.2282,0.3021
1566,2,M,east,20,55.64,0,0.004,0.2667
1567,2,F,north,13,73.26,1,0.4489,0.3931
1568,2,F,east,43,184.68,0,0.2873,0.001
1569,2,M,west,53,40.95,0,0.001,0.001
1570,2,F,north,28,69.68,1,0.0295,0.1001
1571,2,F,south,35,37.57,0,0.3228,0.0622
1572,2,M,west,37,121.59,0,0.001,0.0615
1573,2,F,east,23,92.39,0,0.1009,0.2022
1574,2,M,south,23,38.98,0,0.4083,0.2102
1575,2,M,south,41,59.62,0,0.001,0.001
1576,2,F,south,50,48.22,0,0.2805,0.071
1577,2,F,north,36,51.56,0,0.2551,0.0047
1578,2,F,west,50,41.81,0,0.1998,0.0769
1579,2,M,north,37,5.68,0,0.0593,0.05
1580,2,F,east,32,119.14,0,0.001,0.072
1581,2,M,north,42,38.21,0,0.1717,0.1008
1582,2,F,north,11,108.02,0,0.6412,0.3237
1583,2,M,east,45,32.68,0,0.2893,0.001
1584,2,F,north,16,58.83,0,0.357,0.3516
1585,2,F,east,42,59.69,0,0.1747,0.001
1586,2,F,south,28,142.51,0,0.001,0.0343
1587,2,M,east,7,29.89,1,0.3429,0.5756
1588,2,F,north,8,81.45,0,0.7559,0.3652
1589,2,F,north,19,91.08,1,0.538,0.1501
1590,2,M,east,17,93.71,0,0.0619,0.319
1591,2,M,south,52,57.22,1,0.001,0.0505
1592,2,F,south,55,112.55,0,0.0856,0.0354
1593,2,F,south,55,151.16,0,0.001,0.045
1594,2,F,north,42,13.47,0,0.001,0.0518
1595,2,F,south,3,75.11,1,0.6033,0.5333
1596,2,M,south,51,20.57,0,0.001,0.0408
1597,2,M,north,8,62.13,1,0.4392,0.4906
1598,2,M,south,14,50.25,0,0.1249,0.3338
1599,2,F,south,20,116.47,0,0.6878,0.1093
1600,2,F,east,16,257.26,0,0.1619,0.0463
1601,2,F,south,40,6.88,0,0.001,0.1372
1602,2,M,south,13,74.95,1,0.001,0.3571
1603,2,F,north,50,117.28,0,0.001,0.0479
1604,2,M,south,25,25.22,0,0.036,0.1944
1605,2,M,north,26,119.2,0,0.0351,0.0451
1606,2,M,north,29,45.86,0,0.2093,0.1356
1607,2,F,south,53,183.38,0,0.001,0.0493
1608,2,F,west,58,161.54,0,0.3181,0.001
1609,2,M,south,43,90.64,0,0.001,0.0713
1610,2,M,west,54,40.74,0,0.001,0.0593
1611,2,M,east,41,111.57,0,0.001,0.019
1612,2,F,north,10,40.9,1,0.3925,0.4548
1613,2,M,north,30,11.3,0,0.001,0.1928
1614,2,F,north,16,39.69,1,0.4122,0.3795
1615,2,F,north,7,153.09,0,0.3268,0.2968
1616,2,F,south,38,144.3,0,0.4332,0.0439
1617,2,F,west,35,24.89,0,0.4584,0.2635
1618,2,M,south,40,90.36,0,0.001,0.0962
1619,2,F,east,41,54.99,0,0.1549,0.0173
1620,2,M,north,9,81.77,1,0.5735,0.3906
1621,2,M,east,53,41.87,0,0.001,0.0567
1622,2,M,south,58,27.03,0,0.001,0.001
1623,2,F,south,51,62.94,0,0.0617,0.0941
1624,2,M,south,31,29.26,0,0.1901,0.2141
1625,2,M,south,14,7.28,1,0.3818,0.531
1626,2,F,south,19,141.07,0,0.3791,0.1519
1627,2,M,south,25,154.86,0,0.001,0.0632
1628,2,F,north,10,38.56,1,0.7006,0.5066
1629,2,F,south,39,216.43,0,0.3519,0.012
1630,2,F,south,44,13.9,0,0.0425,0.001
1631,2,M,north,17,82.42,0,0.1505,0.2598
1632,2,M,north,16,69.0,1,0.001,0.3014
1633,2,M,east,32,45.42,1,0.001,0.1133
1634,2,F,north,48,78.98,0,0.5116,0.001
1635,2,F,north,8,60.51,1,0.4179,0.4813
1636,2,F,north,33,61.12,0,0.1851,0.1607
1637,2,M,east,15,171.38,0,0.2538,0.1796
1638,2,M,south,4,40.88,1,0.5069,0.57
1639,2,M,east,57,18.07,0,0.001,0.0198
1640,2,F,north,42,52.72,0,0.4318,0.001
1641,2,F,west,45,38.3,0,0.2383,0.1452
1642,2,F,west,29,16.39,1,0.4547,0.3088
1643,2,M,north,31,119.57,0,0.001,0.0866
1644,2,M,south,34,16.38,1,0.1585,0.1578
1645,2,M,west,27,96.26,0,0.1263,0.1865
1646,2,F,south,13,38.09,0,0.5049,0.4074
1647,2,M,south,17,44.7,1,0.001,0.2955
1648,2,M,south,33,109.06,0,0.3429,0.0028
1649,2,M,north,28,43.34,0,0.001,0.1453
1650,2,M,north,50,18.66,0,0.001,0.0297
1651,2,F,east,27,146.67,0,0.2162,0.1489
1652,2,F,north,34,26.95,0,0.1843,0.1583
1653,2,M,west,20,25.16,1,0.2325,0.6419
1654,2,F,north,21,187.14,0,0.2673,0.1038
1655,2,F,north,13,37.13,1,0.9102,0.4862
1656,2,F,west,54,109.7,0,0.1967,0.001
1657,2,M,north,5,147.68,1,0.1197,0.3498
1658,2,M,south,11,50.03,1,0.3656,0.428
1659,2,M,south,44,58.35,0,0.16,0.1612
1660,2,F,east,31,49.66,0,0.1785,0.1244
1661,2,M,north,37,41.71,0,0.1792,0.092
1662,2,M,south,30,42.7,1,0.2264,0.0687
1663,2,M,south,23,51.57,0,0.267,0.2647
1664,2,M,east,46,37.81,0,0.07,0.001
1665,2,F,east,3,70.96,0,0.6643,0.5618
1666,2,F,north,17,33.55,1,0.4701,0.4449
1667,2,F,south,8,19.33,0,0.3911,0.5956
1668,2,M,north,11,88.18,1,0.2593,0.2658
1669,2,M,west,1,67.93,1,0.6404,0.8252
1670,2,M,west,2,113.15,1,0.891,0.7158
1671,2,F,north,31,168.85,0,0.001,0.0637
1672,2,F,west,49,82.92,0,0.161,0.0023
1673,2,M,east,36,50.34,0,0.3083,0.1214
1674,2,M,east,20,41.47,0,0.2984,0.3219
1675,2,F,east,55,53.12,0,0.0952,0.001
1676,2,M,north,2,12.47,1,0.6698,0.7551
1677,2,M,south,29,156.02,0,0.4351,0.001
1678,2,F,east,45,22.32,0,0.2129,0.05
1679,2,F,west,49,52.15,0,0.201,0.123
1680,2,M,south,46,44.6,0,0.001,0.001
1681,2,F,south,20,2.13,1,0.5516,0.3268
1682,2,F,north,13,28.06,1,0.6151,0.4572
1683,2,M,west,58,279.83,0,0.001,0.001
1684,2,F,north,34,89.94,0,0.3605,0.073
1685,2,F,east,45,96.94,0,0.1176,0.001
1686,2,F,west,31,255.95,0,0.2239,0.001
1687,2,M,west,57,137.56,0,0.001,0.001
1688,2,F,west,20,63.67,0,0.4832,0.3924
1689,2,F,east,32,53.36,0,0.5842,0.1612
1690,2,M,south,15,117.55,0,0.001,0.2699
1691,2,F,north,19,52.45,0,0.5785,0.2513
1692,2,M,north,53,176.27,0,0.001,0.0141
1693,2,F,south,44,253.19,0,0.001,0.001
1694,2,M,east,55,36.49,0,0.001,0.058
1695,2,F,north,4,133.42,1,0.7528,0.329
1696,2,M,south,6,71.99,1,0.1524,0.4307
1697,2,F,east,23,90.17,0,0.0452,0.151
1698,2,M,north,5,42.89,0,0.7933,0.6876
1699,2,M,east,14,82.53,0,0.2774,0.2796
1700,2,F,south,9,5.23,0,0.4889,0.6036
1701,2,M,south,4,159.58,1,0.0397,0.2563
1702,2,M,north,34,72.06,0,0.1606,0.0564
1703,2,F,north,53,88.88,0,0.3818,0.001
1704,2,M,south,18,17.64,0,0.4794,0.3968
1705,2,F,south,2,71.13,0,0.8428,0.6174
1706,2,F,south,5,63.23,1,0.9028,0.5251
1707,2,F,east,41,51.61,0,0.2838,0.0687
1708,2,F,south,34,4.03,0,0.3952,0.2254
1709,2,M,south,42,38.62,0,0.001,0.0377
1710,2,M,east,49,35.73,0,0.0539,0.0284
1711,2,F,south,2,39.73,1,0.6161,0.6796
1712,2,M,south,47,140.02,0,0.001,0.001
1713,2,M,east,46,95.23,0,0.001,0.0294
1714,2,F,west,22,12.54,0,0.3825,0.6484
1715,2,F,north,21,59.82,1,0.5157,0.2735
1716,2,F,east,21,110.97,0,0.2552,0.1795
1717,2,M,west,35,54.89,0,0.2051,0.1771
1718,2,M,east,16,70.32,1,0.1129,0.1941
1719,2,F,south,59,87.87,0,0.0211,0.001
1720,2,F,north,55,19.64,0,0.001,0.001
1721,2,M,east,48,120.9,0,0.0626,0.0892
1722,2,F,north,14,25.05,0,0.9197,0.4521
1723,2,M,north,5,194.36,0,0.3322,0.1988
1724,2,F,south,54,93.05,0,0.3463,0.001
1725,2,M,east,6,47.57,0,0.5373,0.603
1726,2,F,south,29,100.88,0,0.0788,0.1
1727,2,M,north,35,13.0,0,0.0385,0.1045
1728,2,F,north,31,18.81,0,0.0968,0.1255
1729,2,M,south,48,134.79,0,0.3945,0.0337
1730,2,M,south,29,67.28,0,0.001,0.1459
1731,2,F,north,8,45.56,1,0.5842,0.5525
1732,2,M,south,22,47.19,0,0.001,0.2874
1733,2,M,north,32,92.04,0,0.181,0.0707
1734,2,M,north,53,60.48,0,0.001,0.001
1735,2,M,south,24,133.1,0,0.001,0.1415
1736,2,F,north,41,76.52,0,0.1886,0.0169
1737,2,M,west,58,103.01,0,0.001,0.001
1738,2,M,south,5,7.64,0,0.4781,0.7072
1739,2,F,north,37,6.94,0,0.1974,0.1179
1740,2,F,north,25,26.15,0,0.3984,0.2258
1741,2,F,south,51,174.86,0,0.1181,0.0447
1742,2,M,north,36,37.95,0,0.2562,0.0787
1743,2,M,south,8,33.68,0,0.3292,0.5699
1744,2,F,west,47,143.91,0,0.0107,0.001
1745,2,F,north,42,52.57,0,0.365,0.0554
1746,2,F,south,18,89.08,0,0.6047,0.1981
1747,2,M,south,56,72.64,0,0.001,0.011
1748,2,M,north,26,111.45,0,0.001,0.0866
1749,2,M,east,59,73.25,0,0.001,0.001
1750,2,M,south,3,85.5,1,0.0448,0.4934
1751,2,M,west,12,94.95,1,0.7878,0.5411
1752,2,M,north,50,26.02,0,0.1962,0.0185
1753,2,F,north,42,75.22,0,0.0652,0.0345
1754,2,F,north,9,17.02,1,0.9449,0.6283
1755,2,F,east,36,86.4,0,0.261,0.001
1756,2,F,west,56,139.35,0,0.001,0.001
1757,2,F,east,38,45.66,0,0.5096,0.0715
1758,2,F,east,44,31.9,0,0.001,0.001
1759,2,F,west,3,62.27,0,0.999,0.8085
1760,2,F,south,27,14.89,0,0.5284,0.2565
1761,2,F,west,9,22.19,1,0.9013,0.7311
1762,2,F,north,57,22.23,0,0.2093,0.001
1763,2,M,west,40,25.5,0,0.0127,0.1108
1764,2,F,east,22,36.57,0,0.1006,0.2216
1765,2,F,south,31,146.26,0,0.1944,0.0948
1766,2,F,north,56,70.28,0,0.2027,0.001
1767,2,M,south,12,63.9,1,0.6749,0.368
1768,2,M,south,46,23.32,0,0.161,0.021
1769,2,M,east,6,13.37,0,0.9675,0.631
1770,2,M,north,52,25.0,0,0.001,0.0508
1771,2,F,east,24,166.3,0,0.0113,0.0881
1772,2,F,south,42,99.55,0,0.2663,0.018
1773,2,F,west,9,83.36,1,0.5539,0.5971
1774,2,M,east,16,47.58,1,0.2297,0.4144
1775,2,F,west,14,207.4,0,0.3129,0.2035
1776,2,M,north,11,51.93,0,0.1127,0.4923
1777,2,M,north,31,34.11,0,0.001,0.0423
1778,2,M,south,35,49.37,0,0.164,0.001
1779,2,F,south,28,41.89,0,0.001,0.1585
1780,2,M,east,41,164.5,0,0.001,0.0157
1781,2,F,north,35,34.7,0,0.3479,0.0646
1782,2,F,east,56,22.98,0,0.4169,0.0854
1783,2,M,west,16,58.52,0,0.732,0.5594
1784,2,M,east,39,70.19,0,0.0322,0.0571
1785,2,M,north,36,69.95,0,0.0452,0.0612
1786,2,M,west,20,78.0,1,0.2946,0.3967
1787,2,F,east,58,61.13,0,0.0386,0.001
1788,2,M,west,10,104.63,0,0.8089,0.4899
1789,2,F,north,24,41.39,0,0.3167,0.2653
1790,2,F,north,45,64.45,0,0.3638,0.0153
1791,2,F,west,35,93.41,0,0.0199,0.1334
1792,2,M,south,26,65.05,0,0.1947,0.1504
1793,2,M,west,47,60.06,0,0.1988,0.1073
1794,2,F,north,57,74.1,0,0.3522,0.001
1795,2,M,east,10,31.62,0,0.3608,0.5305
1796,2,F,east,43,119.86,0,0.001,0.001
1797,2,M,south,32,10.07,0,0.1895,0.1129
1798,2,M,west,29,5.04,1,0.0953,0.3618
1799,2,M,east,56,102.14,0,0.001,0.0341
1800,2,F,south,17,159.29,0,0.001,0.0887
1801,2,M,south,1,153.47,0,0.0806,0.383
1802,2,M,east,2,146.14,0,0.6679,0.3804
1803,2,F,west,37,42.29,0,0.001,0.1313
1804,2,F,east,49,83.77,0,0.0994,0.021
1805,2,M,west,58,40.44,0,0.001,0.0048
1806,2,M,south,46,75.4,0,0.4212,0.0361
1807,2,M,north,57,70.72,0,0.001,0.0099
1808,2,M,south,7,89.7,1,0.1959,0.3788
1809,2,M,north,15,33.88,1,0.2288,0.392
1810,2,F,east,59,44.88,0,0.3448,0.0151
1811,2,M,north,33,96.17,0,0.001,0.0652
1812,2,M,north,59,76.86,0,0.001,0.001
1813,2,M,south,43,24.81,0,0.001,0.1113
1814,2,F,north,48,130.65,0,0.1735,0.001
1815,2,F,south,25,46.75,0,0.3874,0.1476
1816,2,M,north,49,209.17,0,0.1149,0.001
1817,2,F,north,25,21.93,0,0.5385,0.2931
1818,2,M,south,42,57.74,0,0.001,0.0103
1819,2,F,west,35,34.34,0,0.3249,0.2045
1820,2,M,north,6,67.9,0,0.4605,0.5234
1821,2,F,east,30,43.48,0,0.2403,0.0966
1822,2,M,south,5,180.4,1,0.0766,0.2151
1823,2,F,east,41,88.91,0,0.3324,0.0263
1824,2,M,north,14,33.58,1,0.2584,0.4226
1825,2,M,west,43,32.7,0,0.001,0.1112
1826,2,F,east,49,31.19,0,0.0986,0.075
1827,2,F,east,12,28.51,1,0.4142,0.4908
1828,2,M,south,21,164.62,1,0.001,0.1021
1829,2,M,south,29,116.37,0,0.001,0.0964
1830,2,M,south,14,28.15,0,0.592,0.4926
1831,2,M,south,19,28.02,1,0.4641,0.3605
1832,2,M,south,47,111.54,0,0.0619,0.0547
1833,2,F,west,18,87.91,0,0.5002,0.3861
1834,2,F,south,11,63.81,0,0.5809,0.4769
1835,2,M,north,26,63.71,0,0.001,0.1905
1836,2,M,east,22,102.43,0,0.0603,0.1768
1837,2,F,north,38,280.99,0,0.0905,0.0177
1838,2,F,west,39,44.08,0,0.2672,0.1911
1839,2,F,south,18,40.7,0,0.6598,0.3581
1840,2,F,north,17,27.35,0,0.4057,0.342
1841,2,F,south,3,90.73,1,0.8567,0.5019
1842,2,F,south,55,130.8,0,0.4539,0.001
1843,2,M,north,6,48.62,0,0.3447,0.6034
1844,2,F,south,12,16.89,1,0.6605,0.4652
1845,2,M,east,1,34.87,0,0.2365,0.73
1846,2,F,north,35,22.67,0,0.4815,0.1025
1847,2,F,north,6,149.35,0,0.3672,0.3066
1848,2,F,north,30,27.59,1,0.3051,0.1586
1849,2,F,south,38,205.24,0,0.3711,0.001
1850,2,M,east,28,298.37,0,0.001,0.001
1851,2,F,north,14,119.01,0,0.5008,0.1896
1852,2,M,south,47,31.3,0,0.001,0.001
1853,2,M,south,47,62.13,0,0.001,0.004
1854,2,F,north,49,8.15,1,0.3678,0.001
1855,2,M,south,41,76.34,0,0.001,0.0588
1856,2,F,south,1,31.89,0,0.8989,0.6921
1857,2,M,south,58,69.22,0,0.2889,0.0379
1858,2,F,east,24,123.31,0,0.1734,0.1577
1859,2,M,south,46,100.17,0,0.1039,0.001
1860,2,F,south,27,17.74,0,0.2553,0.2567
1861,2,M,south,50,116.75,0,0.2581,0.0274
1862,2,F,west,46,84.65,0,0.001,0.0345
1863,2,F,south,38,53.82,0,0.3787,0.067
1864,2,M,north,13,31.53,0,0.26,0.4491
1865,2,M,north,55,31.87,0,0.001,0.001
1866,2,M,north,6,50.18,1,0.7879,0.5269
1867,2,F,south,53,3.4,1,0.0857,0.0456
1868,2,F,east,28,186.42,0,0.001,0.0227
1869,2,M,east,13,74.52,0,0.5382,0.3635
1870,2,F,east,17,61.43,0,0.6024,0.3047
1871,2,M,west,49,18.56,0,0.209,0.0901
1872,2,M,east,54,283.36,0,0.0846,0.001
1873,2,M,east,12,147.26,0,0.001,0.2103
1874,2,F,west,2,51.52,1,0.9085,0.7991
1875,2,F,west,4,63.36,0,0.7696,0.7207
1876,2,M,east,28,67.18,0,0.001,0.1815
1877,2,F,south,33,19.84,0,0.2963,0.0471
1878,2,M,south,23,130.78,0,0.0069,0.0519
1879,2,M,east,34,26.64,0,0.001,0.0692
1880,2,M,north,19,33.76,0,0.3621,0.3591
1881,2,M,east,16,91.94,0,0.2654,0.1965
1882,2,F,east,41,50.46,0,0.2127,0.0956
1883,2,M,south,37,135.16,0,0.001,0.001
1884,2,F,north,37,28.59,0,0.3893,0.0368
1885,2,F,south,26,37.56,0,0.0276,0.2606
1886,2,F,north,44,15.68,0,0.001,0.0314
1887,2,F,north,16,7.55,1,0.8022,0.4778
1888,2,M,north,7,28.53,1,0.684,0.6141
1889,2,M,east,6,65.94,0,0.4328,0.4515
1890,2,F,south,25,74.69,1,0.0886,0.1296
1891,2,F,north,46,80.61,0,0.0986,0.001
1892,2,F,south,22,8.54,0,0.6806,0.3826
1893,2,M,south,20,59.91,0,0.4356,0.2843
1894,2,F,east,38,2.72,0,0.424,0.1191
1895,2,M,south,44,297.13,0,0.2086,0.0957
1896,2,M,south,34,19.21,1,0.001,0.0815
1897,2,M,east,8,310.16,0,0.4072,0.0697
1898,2,M,south,20,43.69,1,0.2148,0.2823
1899,2,M,north,52,30.95,0,0.001,0.0314
1900,2,F,east,3,91.6,1,0.3993,0.5189
1901,2,M,east,3,17.17,1,0.8158,0.7376
1902,2,F,east,46,13.79,0,0.128,0.0292
1903,2,M,west,33,42.82,0,0.001,0.2509
1904,2,F,north,16,85.12,0,0.4306,0.2919
1905,2,M,south,21,67.05,0,0.3842,0.2937
1906,2,M,south,20,143.26,0,0.001,0.1061
1907,2,F,east,12,51.88,1,0.4443,0.4645
1908,2,M,east,6,107.53,1,0.1986,0.3988
1909,2,F,north,16,76.84,0,0.2049,0.3285
1910,2,M,south,9,137.52,1,0.001,0.2929
1911,2,F,east,28,60.14,0,0.2827,0.0995
1912,2,M,south,13,99.88,0,0.0141,0.2163
1913,2,F,north,19,78.07,0,0.2819,0.2492
1914,2,F,east,49,122.03,0,0.0548,0.001
1915,2,F,east,59,79.59,0,0.001,0.0523
1916,2,M,north,35,116.45,0,0.1075,0.0296
1917,2,F,north,23,8.91,1,0.2897,0.3104
1918,2,M,north,40,140.3,0,0.3068,0.0663
1919,2,M,south,9,92.39,0,0.0971,0.3491
1920,2,M,south,45,58.45,0,0.0574,0.001
1921,2,M,east,44,72.36,0,0.001,0.1201
1922,2,M,south,46,48.03,0,0.2326,0.0474
1923,2,F,north,49,46.21,0,0.001,0.0567
1924,2,F,west,32,53.49,0,0.2742,0.1669
1925,2,M,east,37,69.94,0,0.001,0.1115
1926,2,F,south,3,165.37,0,0.0891,0.3644
1927,2,M,south,51,72.65,0,0.001,0.0575
1928,2,F,east,42,23.48,0,0.3627,0.0455
1929,2,F,south,27,200.7,0,0.1438,0.0483
1930,2,M,north,14,50.79,0,0.4594,0.4426
1931,2,M,south,27,25.94,0,0.1658,0.1786
1932,2,F,south,58,51.82,0,0.081,0.0795
1933,2,F,east,21,62.43,1,0.3661,0.241
1934,2,M,west,31,37.5,1,0.1912,0.3085
1935,2,M,south,41,26.44,0,0.1072,0.1758
1936,2,F,west,42,79.8,0,0.2185,0.0817
1937,2,F,north,45,64.21,0,0.5121,0.0524
1938,2,M,west,33,15.79,1,0.382,0.2725
1939,2,F,north,54,41.34,0,0.1038,0.001
1940,2,M,west,22,26.18,1,0.061,0.5047
1941,2,M,south,29,43.98,0,0.2829,0.1398
1942,2,M,south,36,59.37,0,0.001,0.0537
1943,2,M,north,37,17.37,0,0.001,0.0875
1944,2,M,south,30,85.94,0,0.001,0.096
1945,2,F,west,9,176.68,0,0.4808,0.3577
1946,2,M,south,59,99.2,0,0.001,0.001
1947,2,F,east,37,154.48,0,0.001,0.0364
1948,2,M,south,59,139.61,0,0.1271,0.0092
1949,2,M,east,13,78.15,0,0.3563,0.3349
1950,2,M,north,32,82.43,0,0.001,0.0495
1951,2,F,south,17,111.46,1,0.414,0.2758
1952,2,F,south,20,21.21,0,0.333,0.381
1953,2,M,east,15,99.28,1,0.4877,0.2623
1954,2,M,east,16,83.08,0,0.3294,0.2199
1955,2,M,east,42,10.26,0,0.001,0.0834
1956,2,M,south,20,77.33,1,0.1642,0.2831
1957,2,M,south,9,69.53,1,0.3498,0.416
1958,2,M,south,5,83.89,1,0.289,0.4987
1959,2,F,north,57,82.78,0,0.1575,0.001
1960,2,M,north,21,83.86,0,0.001,0.2429
1961,2,F,east,37,85.32,0,0.2319,0.023
1962,2,M,west,19,137.43,0,0.0941,0.268
1963,2,M,west,11,102.94,0,0.487,0.504
1964,2,F,east,7,211.75,0,0.6045,0.1246
1965,2,F,south,24,129.51,0,0.001,0.0957
1966,2,M,east,56,67.43,0,0.001,0.0161
1967,2,F,north,31,29.34,0,0.6287,0.1408
1968,2,F,north,50,137.43,0,0.1578,0.0695
1969,2,F,east,23,80.45,1,0.001,0.1408
1970,2,M,north,26,51.6,1,0.001,0.1622
1971,2,F,east,26,124.73,0,0.0683,0.0806
1972,2,F,east,52,44.37,0,0.001,0.0844
1973,2,M,north,15,104.27,0,0.234,0.2431
1974,2,F,east,8,108.51,0,0.5835,0.3812
1975,2,M,west,36,54.22,0,0.1642,0.247
1976,2,M,east,24,46.34,0,0.4639,0.2316
1977,2,F,north,18,132.2,1,0.0724,0.154
1978,2,F,south,9,85.48,1,0.1235,0.4011
1979,2,F,west,50,88.6,0,0.4618,0.036
1980,2,M,south,21,83.37,0,0.2049,0.1792
1981,2,F,west,25,19.34,0,0.3614,0.3718
1982,2,M,south,30,97.65,0,0.0955,0.0392
1983,2,F,east,25,54.17,0,0.4188,0.1949
1984,2,M,east,28,27.66,0,0.001,0.1973
1985,2,M,south,9,26.54,0,0.9767,0.5426
1986,2,F,east,25,46.99,0,0.6121,0.1824
1987,2,F,north,29,137.39,0,0.3705,0.0575
1988,2,M,east,40,98.6,1,0.001,0.0472
1989,2,M,south,33,34.95,0,0.001,0.072
1990,2,F,south,13,180.54,1,0.3337,0.1327
1991,2,M,north,19,21.8,1,0.174,0.3485
1992,2,F,north,56,304.49,0,0.0538,0.001
1993,2,M,south,45,27.86,0,0.001,0.001
1994,2,M,north,28,8.01,0,0.001,0.2706
1995,2,F,west,46,86.87,0,0.102,0.0592
1996,2,M,south,3,157.51,0,0.125,0.2941
1997,2,M,east,51,87.41,0,0.001,0.1141
1998,2,F,west,23,98.13,0,0.3984,0.2755
1999,2,F,east,40,56.46,0,0.001,0.0645
2000,2,M,north,56,257.84,0,0.001,0.0165
2001,2,M,west,45,66.28,0,0.1289,0.0012
2002,2,F,north,24,188.52,1,0.3397,0.0413
2003,2,M,west,16,9.94,1,0.7813,0.7225
2004,2,F,north,55,56.0,0,0.001,0.0103
2005,2,M,north,18,21.78,1,0.4153,0.3783
2006,2,F,west,21,100.82,0,0.0523,0.2642
2007,2,M,east,39,110.92,0,0.3425,0.001
2008,2,F,north,18,46.17,0,0.5134,0.306
2009,2,M,north,9,55.98,1,0.564,0.4609
2010,2,F,north,54,27.39,0,0.001,0.0013
2011,2,F,east,45,20.14,0,0.2735,0.068
2012,2,M,east,13,90.56,0,0.0348,0.3398
2013,2,M,east,47,4.92,0,0.001,0.0295
2014,2,M,east,29,63.56,0,0.1043,0.1477
2015,2,M,east,21,204.79,0,0.2431,0.101
2016,2,F,south,40,74.48,0,0.3504,0.1264
2017,2,F,east,22,15.47,1,0.2331,0.3321
2018,2,M,north,13,27.52,0,0.689,0.4921
2019,2,M,west,38,21.72,1,0.001,0.1892
2020,2,F,north,1,78.45,0,0.7177,0.563
2021,2,M,south,28,58.38,0,0.0906,0.0763
2022,2,F,north,25,71.06,0,0.2227,0.1615
2023,2,M,south,9,43.87,1,0.6587,0.4746
2024,2,M,west,8,28.46,1,0.999,0.7739
2025,2,M,west,51,116.75,0,0.001,0.0209
2026,2,M,east,28,67.26,0,0.001,0.1512
2027,2,F,west,49,21.59,0,0.03,0.07
2028,2,M,north,35,122.3,0,0.001,0.0652
2029,2,M,west,21,89.26,0,0.7225,0.4103
2030,2,M,north,28,44.79,0,0.2649,0.2029
2031,2,F,west,57,145.76,0,0.001,0.0379
2032,2,F,east,44,52.66,0,0.001,0.001
2033,2,M,east,12,156.24,0,0.001,0.1158
2034,2,F,north,1,43.63,1,0.9228,0.7362
2035,2,F,west,8,74.55,1,0.999,0.6831
2036,2,M,east,13,42.92,0,0.0083,0.4957
2037,2,M,south,37,59.2,0,0.001,0.0816
2038,2,M,south,10,230.04,0,0.0975,0.0514
2039,2,M,east,43,90.08,0,0.001,0.0463
2040,2,M,east,10,72.69,0,0.2338,0.4093
2041,2,M,east,49,196.62,0,0.2812,0.0338
2042,2,M,east,42,45.81,0,0.001,0.0198
2043,2,M,north,23,18.58,0,0.2069,0.3054
2044,2,M,north,10,15.54,0,0.4087,0.5451
2045,2,M,south,35,46.08,0,0.0291,0.1262
2046,2,M,south,9,74.55,1,0.452,0.4694
2047,2,M,east,34,31.28,0,0.001,0.1093
2048,2,M,north,2,85.07,1,0.7202,0.4867
2049,2,F,east,1,74.23,0,0.9777,0.6365
2050,2,F,west,58,60.34,0,0.0278,0.0017
2051,2,M,west,6,144.04,0,0.1826,0.4874
2052,2,M,south,31,40.64,0,0.001,0.1558
2053,2,M,north,31,73.23,0,0.2407,0.1361
2054,2,F,east,12,52.77,0,0.6906,0.4435
2055,2,F,east,59,97.54,0,0.156,0.001
2056,2,M,south,45,84.88,0,0.001,0.0644
2057,2,F,east,27,61.01,0,0.0255,0.0914
2058,2,F,south,29,147.77,0,0.3206,0.0203
2059,2,M,east,56,158.85,0,0.001,0.0609
2060,2,M,east,38,77.43,0,0.001,0.009
2061,2,F,north,36,102.23,1,0.001,0.0476
2062,2,M,south,41,38.45,0,0.0282,0.1161
2063,2,M,north,43,64.43,0,0.001,0.0623
2064,2,F,east,32,37.93,0,0.5297,0.0767
2065,2,F,south,2,74.26,1,0.618,0.602
2066,2,M,north,6,161.81,1,0.0247,0.2795
2067,2,M,east,32,8.0,0,0.2899,0.1709
2068,2,F,east,20,179.25,0,0.0164,0.0717
2069,2,M,west,50,27.3,0,0.001,0.1012
2070,2,M,west,17,105.56,0,0.7419,0.4051
2071,2,M,south,54,12.28,0,0.409,0.0045
2072,2,F,east,33,58.47,0,0.4341,0.1124
2073,2,F,west,52,64.45,1,0.3885,0.0416
2074,2,M,east,10,45.79,0,0.4252,0.5344
2075,2,M,north,29,67.51,1,0.1307,0.0999
2076,2,F,north,24,3.46,0,0.3969,0.3555
2077,2,F,south,35,12.9,0,0.2798,0.0752
2078,2,M,east,30,87.36,0,0.1094,0.0806
2079,2,M,east,38,65.08,0,0.1974,0.0338
2080,2,F,east,10,30.48,0,0.4951,0.5239
2081,2,F,north,44,66.69,0,0.2874,0.001
2082,2,F,east,8,28.72,0,0.5505,0.6219
2083,2,F,east,28,31.28,0,0.288,0.1932
2084,2,M,west,19,34.53,0,0.0523,0.5221
2085,2,M,south,49,42.64,0,0.001,0.001
2086,2,M,west,5,48.31,1,0.7907,0.8068
2087,2,M,west,8,52.22,0,0.999,0.7496
2088,2,F,north,22,31.41,1,0.4758,0.2277
2089,2,F,east,36,73.39,0,0.1653,0.0442
2090,2,M,south,28,78.96,0,0.001,0.1319
2091,2,F,east,31,115.9,0,0.3127,0.0152
2092,2,F,north,48,33.67,0,0.001,0.0822
2093,2,F,west,9,189.82,0,0.5626,0.3455
2094,2,F,east,50,65.97,0,0.001,0.0324
2095,2,F,west,30,43.43,0,0.2967,0.3043
2096,2,F,north,19,38.98,0,0.4506,0.2593
2097,2,M,north,25,205.75,0,0.001,0.0551
2098,2,F,north,37,112.75,0,0.0988,0.0394
2099,2,M,south,55,43.48,0,0.0489,0.0591
2100,2,F,north,53,40.2,0,0.3785,0.0238
2101,2,M,east,15,21.06,1,0.2095,0.4445
2102,2,M,north,22,91.44,0,0.2286,0.0946
2103,2,M,north,40,228.43,0,0.001,0.001
2104,2,M,north,24,106.65,0,0.001,0.121
2105,2,M,north,43,43.91,1,0.001,0.1075
2106,2,F,north,48,211.64,0,0.2235,0.001
2107,2,M,south,55,138.53,0,0.1081,0.001
2108,2,F,south,10,39.03,0,0.9609,0.5505
2109,2,M,north,45,58.97,0,0.1697,0.0464
2110,2,F,north,59,146.59,0,0.1317,0.004
2111,2,F,north,41,51.54,0,0.001,0.0814
2112,2,M,west,15,77.66,1,0.8501,0.5081
2113,2,F,north,3,20.38,1,0.7524,0.7698
2114,2,M,south,11,71.79,0,0.2398,0.3601
2115,2,F,west,51,87.42,0,0.001,0.1231
2116,2,F,east,10,19.57,1,0.3148,0.6082
2117,2,M,east,46,214.65,0,0.001,0.0047
2118,2,M,south,45,61.51,0,0.4171,0.0473
2119,2,M,north,45,76.95,0,0.001,0.1044
2120,2,F,north,56,25.74,0,0.0796,0.0805
2121,2,M,north,55,25.08,0,0.001,0.001
2122,2,M,south,4,161.37,1,0.0757,0.301
2123,2,M,south,17,192.52,0,0.1151,0.0579
2124,2,F,north,56,56.57,0,0.2721,0.0049
2125,2,F,south,54,20.14,0,0.1743,0.0092
2126,2,F,west,3,71.97,1,0.9692,0.7459
2127,2,M,west,11,108.8,1,0.7688,0.5082
2128,2,M,east,51,39.5,0,0.001,0.0408
2129,2,F,north,2,31.32,1,0.9908,0.5734
2130,2,M,south,29,93.53,0,0.1461,0.1164
2131,2,F,south,8,77.46,0,0.5992,0.4438
2132,2,F,south,17,97.36,1,0.1681,0.2127
2133,2,F,east,28,36.67,0,0.4107,0.1468
2134,2,M,west,38,82.43,0,0.001,0.1076
2135,2,M,north,36,26.18,0,0.001,0.0515
2136,2,M,west,29,120.35,0,0.125,0.1215
2137,2,M,south,20,86.11,0,0.4585,0.2523
2138,2,F,north,9,86.05,1,0.1129,0.3537
2139,2,F,south,47,68.66,0,0.2487,0.0958
2140,2,F,south,38,35.53,0,0.05,0.0458
2141,2,M,north,20,71.78,1,0.167,0.1929
2142,2,M,east,58,46.16,0,0.3713,0.0064
2143,2,F,east,45,31.96,0,0.4643,0.0805
2144,2,F,south,4,73.41,1,0.75,0.4672
2145,2,F,east,32,66.33,0,0.2737,0.0356
2146,2,M,west,37,144.66,0,0.001,0.0569
2147,2,M,south,51,242.89,0,0.001,0.001
2148,2,M,west,18,90.57,1,0.6808,0.4441
2149,2,F,north,30,45.64,0,0.001,0.1241
2150,2,M,west,9,65.32,0,0.4013,0.6257
2151,2,M,north,47,104.43,0,0.199,0.001
2152,2,M,north,16,130.81,0,0.1503,0.2203
2153,2,M,west,38,24.46,0,0.452,0.1027
2154,2,M,east,37,34.66,0,0.001,0.0813
2155,2,M,north,16,16.95,1,0.4729,0.3959
2156,2,M,south,37,37.21,1,0.001,0.0636
2157,2,F,south,53,49.83,0,0.18,0.0417
2158,2,F,north,56,83.18,0,0.2714,0.0604
2159,2,M,south,10,86.89,0,0.3705,0.3928
2160,2,M,east,17,104.12,0,0.001,0.2272
2161,2,F,north,26,121.44,0,0.364,0.0541
2162,2,F,south,25,97.82,0,0.5032,0.1379
2163,2,F,east,47,44.91,0,0.3677,0.1065
2164,2,F,east,42,90.27,0,0.001,0.0109
2165,2,F,west,20,54.36,1,0.4426,0.4041
2166,2,M,east,5,83.26,0,0.3803,0.4357
2167,2,M,east,46,22.37,0,0.001,0.0809
2168,2,F,north,17,207.87,0,0.2274,0.0405
2169,2,F,north,29,83.76,0,0.3473,0.1043
2170,2,M,west,1,64.07,1,0.999,0.7882
2171,2,F,north,8,18.82,0,0.999,0.6074
2172,2,M,east,56,106.95,0,0.001,0.001
2173,2,F,south,33,38.46,0,0.044,0.0848
2174,2,M,north,9,79.58,1,0.3543,0.4536
2175,2,M,south,46,65.93,0,0.001,0.1239
2176,2,F,north,9,63.48,1,0.7449,0.4896
2177,2,F,north,54,112.95,0,0.001,0.0396
2178,2,M,south,30,48.67,0,0.2293,0.0656
2179,2,F,east,10,93.52,0,0.3195,0.3286
2180,2,F,south,50,35.52,0,0.2259,0.0909
2181,2,M,south,16,36.66,1,0.6178,0.311
2182,2,M,east,27,128.16,0,0.001,0.0351
2183,2,M,south,48,37.02,0,0.3861,0.0269
2184,2,M,west,36,160.42,0,0.2689,0.099
2185,2,M,south,59,63.9,0,0.371,0.1093
2186,2,M,east,41,59.71,0,0.3736,0.0175
2187,2,M,north,23,40.06,0,0.2623,0.2355
2188,2,F,east,7,31.85,1,0.3327,0.5496
2189,2,M,east,56,75.19,0,0.001,0.0046
2190,2,M,west,34,76.99,0,0.001,0.1306
2191,2,F,south,11,23.57,0,0.6181,0.5447
2192,2,M,east,52,45.97,0,0.001,0.0279
2193,2,F,north,54,49.02,0,0.2438,0.001
2194,2,M,south,13,42.74,1,0.276,0.3836
2195,2,M,north,39,26.95,0,0.2414,0.0025
2196,2,F,west,34,68.3,0,0.3397,0.2012
2197,2,F,north,38,17.51,1,0.1385,0.0552
2198,2,F,west,5,53.57,1,0.999,0.8152
2199,2,F,north,50,21.76,0,0.2466,0.0055
2200,2,M,east,8,67.39,0,0.001,0.4412
2201,2,M,east,17,112.15,0,0.001,0.1787
2202,2,F,south,4,85.68,0,0.9981,0.4868
2203,2,F,north,7,95.37,1,0.5131,0.3494
2204,2,M,east,24,97.49,0,0.2189,0.1494
2205,2,M,north,34,57.35,0,0.001,0.1354
2206,2,F,west,21,58.49,0,0.3137,0.4385
2207,2,F,west,48,68.05,0,0.1709,0.0289
2208,2,F,west,53,120.51,0,0.2461,0.0742
2209,2,F,west,47,31.61,0,0.001,0.1186
2210,2,M,north,45,78.57,0,0.0963,0.0371
2211,2,M,east,44,65.91,0,0.001,0.0473
2212,2,M,south,49,118.73,0,0.001,0.0143
2213,2,M,south,16,147.34,0,0.2412,0.1299
2214,2,F,north,51,212.94,0,0.001,0.001
2215,2,M,west,39,65.83,1,0.001,0.0785
2216,2,F,west,26,28.76,0,0.9817,0.4351
2217,2,M,west,47,98.64,0,0.1032,0.0334
2218,2,M,north,42,76.05,0,0.001,0.066
2219,2,F,north,35,23.52,0,0.3274,0.0938
2220,2,F,south,10,74.48,0,0.9552,0.3416
2221,2,F,north,38,21.59,0,0.1597,0.1277
2222,2,M,south,8,192.75,0,0.278,0.2
2223,2,M,west,38,13.47,1,0.001,0.281
2224,2,F,south,8,69.17,0,0.7637,0.4522
2225,2,M,east,14,48.47,0,0.149,0.2861
2226,2,F,south,39,72.66,0,0.0114,0.1152
2227,2,M,north,25,16.08,0,0.001,0.2286
2228,2,F,east,48,79.31,0,0.2087,0.0528
2229,2,M,east,6,48.56,0,0.4258,0.6174
2230,2,M,east,1,117.48,0,0.4561,0.4437
2231,2,M,south,9,12.04,0,0.6326,0.5046
2232,2,M,north,1,105.11,1,0.6814,0.5237
2233,2,M,east,48,111.98,0,0.001,0.0214
2234,2,M,south,23,14.87,0,0.4676,0.3269
2235,2,F,north,1,59.82,0,0.5378,0.657
2236,2,M,east,37,51.64,0,0.001,0.0852
2237,2,M,north,49,85.16,0,0.001,0.096
2238,2,M,east,8,118.38,0,0.5026,0.3065
2239,2,F,east,27,100.55,0,0.479,0.0621
2240,2,M,north,26,137.29,0,0.001,0.1532
2241,2,M,north,49,85.56,0,0.001,0.021
2242,2,M,north,18,179.09,0,0.0763,0.0731
2243,2,F,west,42,60.18,0,0.001,0.126
2244,2,F,north,26,46.2,0,0.2358,0.1599
2245,2,M,north,17,71.02,0,0.1161,0.2572
2246,2,F,south,28,56.0,1,0.1911,0.1713
2247,2,M,east,28,53.14,0,0.001,0.1589
2248,2,M,north,58,99.32,0,0.05,0.001
2249,2,F,east,33,98.95,0,0.0514,0.1108
2250,2,M,east,27,89.01,0,0.001,0.1385
2251,2,F,east,12,110.37,0,0.341,0.2272
2252,2,F,south,35,51.67,0,0.001,0.1343
2253,2,F,east,37,56.13,0,0.1473,0.1487
2254,2,F,south,9,27.85,0,0.58,0.6204
2255,2,M,north,21,44.96,0,0.2908,0.2555
2256,2,F,north,35,60.16,0,0.4468,0.0894
2257,2,F,south,22,25.25,1,0.4638,0.3837
2258,2,M,north,39,87.12,0,0.001,0.001
2259,2,F,north,39,77.84,0,0.2802,0.0909
2260,2,F,west,13,36.58,0,0.7794,0.6741
2261,2,F,north,22,83.52,1,0.001,0.1963
2262,2,F,west,28,59.49,1,0.5432,0.4014
2263,2,M,north,21,126.64,0,0.0984,0.1079
2264,2,F,north,21,90.05,0,0.0434,0.1714
2265,2,F,east,33,52.21,0,0.1355,0.1589
2266,2,F,north,31,162.52,0,0.2059,0.0668
2267,2,M,south,3,111.18,1,0.3433,0.4278
2268,2,M,south,8,79.11,0,0.5092,0.444
2269,2,M,south,27,19.49,0,0.1854,0.2122
2270,2,M,south,53,23.73,0,0.001,0.0427
2271,2,M,north,17,51.92,0,0.3905,0.2892
2272,2,M,east,11,15.14,1,0.5258,0.4915
2273,2,M,north,18,48.91,0,0.0376,0.2982
2274,2,M,south,6,94.83,1,0.3595,0.4078
2275,2,F,south,57,95.11,0,0.0656,0.0021
2276,2,F,west,25,64.76,0,0.4825,0.3697
2277,2,F,east,55,36.87,0,0.0877,0.0783
2278,2,M,west,23,23.72,0,0.4441,0.4529
2279,2,F,north,18,29.91,0,0.2812,0.3874
2280,2,M,east,43,26.17,0,0.4144,0.0692
2281,2,M,west,35,52.08,0,0.001,0.1775
2282,2,F,north,52,99.25,0,0.001,0.0889
2283,2,M,west,45,81.86,0,0.2584,0.0982
2284,2,F,south,59,65.2,0,0.0971,0.001
2285,2,F,west,18,38.32,0,0.5401,0.576
2286,2,F,north,39,41.61,0,0.001,0.1451
2287,2,M,south,32,120.31,0,0.001,0.0838
2288,2,M,east,34,0.29,0,0.5095,0.1312
2289,2,M,west,44,107.43,0,0.001,0.111
2290,2,M,east,35,125.15,0,0.004,0.09
2291,2,M,north,37,25.64,1,0.2506,0.0511
2292,2,F,south,58,134.93,0,0.001,0.0558
2293,2,F,north,56,77.57,0,0.001,0.0089
2294,2,M,north,1,145.95,1,0.2652,0.3561
2295,2,F,east,9,6.12,0,0.7622,0.6218
2296,2,F,south,59,48.19,0,0.001,0.001
2297,2,F,south,58,56.89,0,0.0728,0.001
2298,2,M,south,32,14.91,0,0.001,0.2135
2299,2,M,east,40,12.61,0,0.1397,0.1339
2300,2,F,north,49,118.86,0,0.2572,0.001
2301,2,F,west,52,11.23,0,0.3312,0.001
2302,2,F,south,23,58.18,0,0.001,0.2531
2303,2,F,north,24,13.38,0,0.3822,0.2476
2304,2,F,west,47,51.11,0,0.6289,0.0571
2305,2,M,east,26,68.43,0,0.0582,0.1464
2306,2,F,north,31,90.16,0,0.3064,0.0856
2307,2,M,east,51,34.94,0,0.1334,0.0529
2308,2,F,north,52,92.44,0,0.1394,0.0473
2309,2,M,south,15,55.49,1,0.127,0.3687
2310,2,M,east,18,66.41,0,0.001,0.2702
2311,2,M,east,30,52.77,0,0.001,0.123
2312,2,M,east,43,47.19,0,0.0137,0.0928
2313,2,F,west,26,49.89,0,0.3372,0.4253
2314,2,F,west,16,187.06,0,0.3351,0.1498
2315,2,F,north,41,115.64,0,0.1184,0.001
2316,2,F,north,22,29.9,0,0.6506,0.3696
2317,2,M,east,19,62.09,1,0.15,0.3097
2318,2,M,south,12,52.07,0,0.5499,0.4203
2319,2,F,south,12,25.0,0,0.8289,0.5776
2320,2,M,north,42,83.74,0,0.001,0.0521
2321,2,M,south,30,66.11,0,0.1777,0.1822
2322,2,M,west,43,51.5,0,0.0947,0.1464
2323,2,M,east,29,26.22,1,0.0564,0.1509
2324,2,M,east,30,45.09,0,0.001,0.0972
2325,2,M,west,52,81.92,0,0.001,0.001
2326,2,F,north,25,61.13,0,0.1161,0.2456
2327,2,M,north,20,52.52,1,0.4161,0.3986
2328,2,F,south,13,62.19,1,0.5117,0.3641
2329,2,M,west,36,45.74,0,0.1339,0.1807
2330,2,M,north,46,16.53,0,0.1269,0.0307
2331,2,F,north,27,23.41,1,0.3381,0.2087
2332,2,M,south,48,13.77,0,0.001,0.001
2333,2,F,east,24,29.48,1,0.1648,0.2231
2334,2,M,north,13,35.64,1,0.3818,0.4686
2335,2,M,west,10,18.35,1,0.5064,0.7646
2336,2,M,south,36,179.75,0,0.001,0.001
2337,2,M,east,51,169.44,0,0.0283,0.0298
2338,2,F,west,37,42.51,0,0.001,0.1759
2339,2,M,north,36,29.21,0,0.001,0.1111
2340,2,F,south,52,112.32,0,0.2796,0.0077
2341,2,M,north,20,96.34,0,0.058,0.1345
2342,2,M,south,28,7.29,0,0.2393,0.1692
2343,2,F,east,51,107.38,0,0.138,0.0307
2344,2,M,east,7,14.01,1,0.4643,0.6466
2345,2,F,north,17,147.96,0,0.4965,0.1267
2346,2,F,south,42,53.17,0,0.001,0.044
2347,2,F,south,28,32.91,0,0.5659,0.1495
2348,2,M,north,27,63.63,0,0.2424,0.1368
2349,2,M,north,13,94.89,1,0.0579,0.3361
2350,2,M,south,45,109.37,0,0.3949,0.1626
2351,2,F,south,22,66.49,0,0.4545,0.1917
2352,2,M,west,7,77.38,1,0.7635,0.6788
2353,2,M,south,36,35.13,1,0.001,0.0667
2354,2,F,north,7,12.59,1,0.7012,0.632
2355,2,F,east,57,23.57,0,0.0809,0.001
2356,2,M,east,14,65.0,0,0.4028,0.3412
2357,2,M,west,47,51.23,0,0.0699,0.1433
2358,2,F,north,18,80.16,1,0.4382,0.2126
2359,2,F,west,50,31.63,0,0.0286,0.0716
2360,2,M,south,24,167.89,0,0.1256,0.0229
2361,2,F,south,24,22.0,1,0.4026,0.2327
2362,2,F,east,54,109.81,0,0.001,0.0871
2363,2,F,south,47,42.68,0,0.089,0.0365
2364,2,M,north,15,115.2,0,0.1469,0.2572
2365,2,M,south,37,19.95,0,0.001,0.0578
2366,2,F,west,25,5.84,0,0.7889,0.519
2367,2,F,north,55,59.8,0,0.001,0.0598
2368,2,M,east,22,50.94,0,0.5257,0.2826
2369,2,F,north,17,22.86,1,0.6422,0.4702
2370,2,M,north,31,32.57,0,0.001,0.1057
2371,2,F,west,12,132.4,0,0.5638,0.3407
2372,2,F,west,11,121.8,1,0.872,0.563
2373,2,M,north,43,76.45,0,0.001,0.001
2374,2,M,north,43,17.09,0,0.0156,0.1497
2375,2,F,east,15,21.0,1,0.4069,0.4944
2376,2,M,north,55,97.06,0,0.0793,0.0062
2377,2,M,east,50,39.07,0,0.1676,0.0368
2378,2,M,south,28,43.69,0,0.001,0.12
2379,2,F,north,34,53.97,0,0.001,0.1438
2380,2,M,north,58,131.76,0,0.001,0.0094
2381,2,M,south,21,17.69,1,0.3753,0.334
2382,2,F,south,2,23.48,1,0.9165,0.77
2383,2,M,east,6,160.82,0,0.392,0.2547
2384,2,M,east,52,18.04,0,0.001,0.001
2385,2,M,east,35,68.41,0,0.001,0.0918
2386,2,F,north,24,77.88,0,0.0212,0.0845
2387,2,M,north,29,133.34,0,0.001,0.0357
2388,2,M,south,19,155.04,0,0.001,0.107
2389,2,M,east,7,55.28,1,0.4113,0.4886
2390,2,M,south,45,113.0,0,0.001,0.0142
2391,2,M,east,54,175.44,0,0.0861,0.001
2392,2,M,west,16,105.48,1,0.3085,0.411
2393,2,M,south,20,33.2,0,0.4674,0.3279
2394,2,F,east,39,131.0,0,0.4341,0.0222
2395,2,M,south,49,63.66,0,0.2836,0.0474
2396,2,M,north,38,173.57,0,0.3874,0.0364
2397,2,M,east,15,61.67,0,0.1143,0.2982
2398,2,M,east,7,52.04,1,0.251,0.5753
2399,2,F,east,47,48.61,0,0.3344,0.0344
2400,2,M,south,29,126.17,0,0.001,0.001
2401,2,M,north,19,72.78,0,0.1812,0.2369
2402,2,M,south,26,47.83,0,0.1115,0.1117
2403,2,F,north,14,147.34,1,0.1545,0.1034
2404,2,F,south,1,43.9,1,0.533,0.6909
2405,2,F,north,48,31.13,0,0.001,0.021
2406,2,M,north,58,172.81,0,0.001,0.0038
2407,2,F,east,47,64.77,0,0.001,0.001
2408,2,M,south,30,43.49,0,0.001,0.138
2409,2,F,east,34,188.5,0,0.1973,0.001
2410,2,M,west,9,217.87,0,0.2673,0.2381
2411,2,M,east,45,16.19,0,0.001,0.0045
2412,2,F,north,44,91.33,0,0.0762,0.0384
2413,2,F,west,36,103.06,0,0.3658,0.1197
2414,2,F,north,52,52.32,0,0.1583,0.001
2415,2,M,east,8,65.31,1,0.6558,0.4763
2416,2,F,north,59,69.44,0,0.001,0.001
2417,2,F,north,32,10.85,0,0.001,0.2032
2418,2,M,west,1,13.32,1,0.999,0.9637
2419,2,F,west,24,86.67,0,0.4064,0.2815
2420,2,F,south,59,29.82,0,0.0671,0.0263
2421,2,F,west,55,121.07,0,0.0951,0.0367
2422,2,F,east,45,108.79,1,0.3527,0.001
2423,2,F,east,42,38.61,0,0.0587,0.0484
2424,2,F,west,45,31.87,0,0.001,0.1401
2425,2,F,north,35,26.28,0,0.1458,0.0845
2426,2,M,east,29,147.14,0,0.0648,0.047
2427,2,F,east,22,55.98,0,0.3347,0.2557
2428,2,M,west,23,117.52,0,0.2672,0.2145
2429,2,M,west,2,70.04,1,0.7845,0.7876
2430,2,M,north,22,77.63,0,0.001,0.234
2431,2,F,west,34,15.48,0,0.4226,0.2575
2432,2,M,east,1,46.96,1,0.6345,0.6725
2433,2,M,north,41,54.89,0,0.0471,0.0188
2434,2,F,west,41,73.52,0,0.1256,0.1186
2435,2,F,west,41,135.73,0,0.1139,0.0504
2436,2,F,south,31,24.0,0,0.376,0.1607
2437,2,M,north,1,11.46,1,0.9229,0.7841
2438,2,F,north,11,119.08,0,0.6435,0.315
2439,2,M,south,12,155.85,0,0.001,0.1971
2440,2,M,east,32,33.51,1,0.1231,0.1571
2441,2,F,south,49,70.35,0,0.3853,0.015
2442,2,F,north,22,147.94,0,0.2589,0.1042
2443,2,M,south,56,70.06,0,0.0069,0.0137
2444,2,M,east,16,27.41,1,0.2484,0.4457
2445,2,M,east,44,65.01,0,0.1718,0.079
2446,2,M,north,26,31.28,0,0.3612,0.2105
2447,2,F,south,37,64.7,0,0.1426,0.0881
2448,2,F,north,21,71.12,0,0.4215,0.2267
2449,2,M,north,20,2.89,0,0.3727,0.3992
2450,2,M,south,39,109.06,0,0.001,0.0105
2451,2,F,south,59,41.17,0,0.4651,0.0501
2452,2,M,west,54,46.27,0,0.001,0.001
2453,2,M,west,48,56.59,0,0.001,0.0467
2454,2,F,east,35,10.09,0,0.232,0.1438
2455,2,F,west,20,48.55,1,0.2322,0.4492
2456,2,M,south,27,74.25,0,0.35,0.1509
2457,2,M,north,45,10.27,0,0.001,0.0398
2458,2,F,west,36,102.34,0,0.5102,0.0996
2459,2,M,east,3,87.35,0,0.8158,0.5475
2460,2,F,south,43,114.27,0,0.0467,0.0104
2461,2,F,east,10,194.72,0,0.107,0.1066
2462,2,F,east,24,62.21,0,0.1786,0.1967
2463,2,F,south,19,96.37,0,0.3018,0.2007
2464,2,F,south,6,87.1,0,0.2815,0.3994
2465,2,M,west,21,48.1,1,0.3312,0.5002
2466,2,F,north,31,103.3,0,0.0676,0.001
2467,2,M,south,32,84.15,0,0.0535,0.0185
2468,2,M,north,11,54.66,0,0.396,0.4163
2469,2,M,south,56,122.26,0,0.231,0.0332
2470,2,F,north,17,64.81,1,0.3282,0.2903
2471,2,M,north,52,41.64,0,0.0345,0.0373
2472,2,M,south,22,141.55,0,0.0459,0.094
2473,2,M,north,10,38.63,0,0.3915,0.514
2474,2,M,east,28,10.29,0,0.1987,0.232
2475,2,M,west,59,91.13,0,0.1462,0.001
2476,2,M,north,23,18.59,0,0.001,0.3304
2477,2,F,north,42,71.0,0,0.001,0.0352
2478,2,M,east,25,34.8,1,0.3321,0.2341
2479,2,F,west,9,32.29,0,0.9535,0.7485
2480,2,F,east,16,101.72,0,0.757,0.2523
2481,2,F,north,14,30.28,0,0.611,0.4218
2482,2,F,west,37,123.68,0,0.1749,0.0245
2483,2,M,east,16,59.72,1,0.0492,0.2817
2484,2,M,north,35,25.66,0,0.1437,0.1096
2485,2,F,north,9,22.78,1,0.7853,0.5463
2486,2,M,east,22,68.31,1,0.0147,0.1735
2487,2,F,south,53,101.5,0,0.1563,0.1244
2488,2,M,south,58,18.98,0,0.001,0.0076
2489,2,F,north,25,84.69,0,0.2419,0.1229
2490,2,F,west,52,32.36,0,0.2926,0.0191
2491,2,M,east,37,152.02,0,0.001,0.0131
2492,2,M,south,30,94.31,0,0.001,0.0888
2493,2,M,west,52,54.25,0,0.001,0.001
2494,2,F,east,19,157.39,0,0.001,0.0992
2495,2,M,west,32,107.25,1,0.0339,0.2236
2496,2,M,east,6,19.81,0,0.3848,0.6719
2497,2,M,east,11,35.09,1,0.564,0.5337
2498,2,F,east,55,157.61,0,0.1876,0.001
2499,2,M,north,37,53.05,0,0.001,0.0881
2500,2,F,north,20,61.78,0,0.5824,0.1844
2501,2,M,east,30,28.22,1,0.5994,0.2203
2502,2,F,east,28,229.19,0,0.001,0.001
2503,2,F,south,39,99.0,0,0.0107,0.0353
2504,2,M,south,21,8.66,0,0.001,0.3435
2505,2,M,south,19,33.36,0,0.3675,0.3233
2506,2,F,west,22,74.6,1,0.5474,0.3621
2507,2,F,north,15,104.46,1,0.0309,0.2534
2508,2,M,north,22,68.05,0,0.1132,0.2978
2509,2,M,north,31,41.26,0,0.2546,0.1536
2510,2,M,east,51,115.97,0,0.001,0.001
2511,2,M,south,22,141.2,0,0.1399,0.0972
2512,2,F,east,40,106.62,0,0.1106,0.001
2513,2,M,south,23,31.79,0,0.1211,0.2579
2514,2,M,north,40,102.27,0,0.001,0.0685
2515,2,F,north,29,24.06,0,0.3542,0.2207
2516,2,F,south,32,15.09,0,0.3332,0.1647
2517,2,M,north,18,82.23,1,0.2144,0.2108
2518,2,M,south,21,18.11,0,0.3085,0.3795
2519,2,F,west,50,42.49,0,0.4255,0.0824
2520,2,F,west,50,72.29,0,0.3564,0.001
2521,2,F,south,16,125.92,0,0.5374,0.0972
2522,2,F,north,30,46.15,0,0.2183,0.1165
2523,2,F,south,42,106.16,0,0.0756,0.0292
2524,2,M,north,46,61.82,1,0.0399,0.1109
2525,2,M,east,23,28.13,0,0.2559,0.2602
2526,2,M,north,39,51.81,0,0.001,0.0339
2527,2,M,south,47,87.99,0,0.001,0.0265
2528,2,F,east,16,31.21,0,0.4458,0.3791
2529,2,F,east,16,112.58,0,0.4197,0.1974
2530,2,F,west,38,27.05,0,0.4663,0.166
2531,2,M,north,27,74.92,0,0.001,0.1458
2532,2,F,west,51,64.22,0,0.1746,0.001
2533,2,F,east,36,17.82,0,0.0043,0.0429
2534,2,F,east,50,50.02,0,0.3426,0.001
2535,2,F,south,31,159.45,0,0.1878,0.0877
2536,2,M,east,43,88.28,0,0.0437,0.0694
2537,2,M,south,45,50.74,0,0.0944,0.0175
2538,2,M,south,23,98.67,0,0.001,0.1144
2539,2,M,east,13,9.56,1,0.5435,0.4893
2540,2,M,north,14,97.11,0,0.0024,0.2872
2541,2,M,south,31,40.14,0,0.2366,0.1734
2542,2,F,west,59,20.47,0,0.001,0.0243
2543,2,F,east,1,22.31,1,0.999,0.736
2544,2,M,north,42,36.8,0,0.001,0.0267
2545,2,F,north,46,53.76,0,0.149,0.018
2546,2,M,east,49,107.76,0,0.001,0.001
2547,2,M,south,48,142.27,0,0.001,0.095
2548,2,M,west,42,38.55,0,0.1899,0.1399
2549,2,F,south,53,36.09,0,0.1892,0.0223
2550,2,M,west,42,111.73,0,0.001,0.1369
2551,2,F,north,45,37.03,0,0.2113,0.0529
2552,2,M,north,14,91.96,0,0.3616,0.258
2553,2,F,west,28,99.91,0,0.0634,0.2237
2554,2,M,west,18,59.53,1,0.4365,0.4499
2555,2,M,east,22,282.33,0,0.001,0.0384
2556,2,F,east,3,96.11,1,0.999,0.4817
2557,2,M,north,40,113.42,0,0.1143,0.0103
2558,2,M,south,26,97.17,0,0.001,0.0803
2559,2,M,north,27,7.67,0,0.162,0.2652
2560,2,F,north,55,30.91,0,0.193,0.016
2561,2,M,south,23,79.59,0,0.2449,0.1736
2562,2,M,south,23,20.04,0,0.2065,0.2754
2563,2,F,south,8,75.81,0,0.7093,0.4553
2564,2,M,east,8,122.31,1,0.0115,0.2892
2565,2,M,south,20,142.35,0,0.3134,0.1308
2566,2,F,east,44,88.5,0,0.2342,0.0296
2567,2,F,south,42,89.07,0,0.001,0.047
2568,2,F,west,11,11.42,1,0.8627,0.7385
2569,2,M,south,51,73.87,0,0.001,0.0022
2570,2,M,south,51,66.2,0,0.001,0.0077
2571,2,F,east,29,41.95,0,0.1106,0.1379
2572,2,F,south,41,87.51,1,0.1532,0.001
2573,2,F,south,56,147.82,0,0.0967,0.0069
2574,2,M,east,32,4.45,0,0.001,0.1434
2575,2,F,south,8,169.5,0,0.5371,0.2234
2576,2,F,north,40,28.24,0,0.1497,0.0363
2577,2,M,north,8,51.46,1,0.0259,0.5271
2578,2,M,north,56,46.88,0,0.001,0.0314
2579,2,M,north,27,21.03,0,0.6689,0.207
2580,2,M,south,52,85.24,0,0.0974,0.001
2581,2,F,south,46,128.13,0,0.001,0.0202
2582,2,F,east,44,42.67,0,0.275,0.0772
2583,2,M,west,49,30.24,0,0.1384,0.0687
2584,2,F,west,5,197.15,0,0.6689,0.3959
2585,2,M,north,8,56.63,0,0.205,0.4921
2586,2,F,west,2,108.37,1,0.999,0.6362
2587,2,M,north,51,177.14,0,0.001,0.001
2588,2,F,south,30,36.06,0,0.0024,0.1737
2589,2,F,south,5,31.46,1,0.8105,0.6018
2590,2,F,west,31,59.67,0,0.2531,0.2022
2591,2,F,east,27,36.65,1,0.3435,0.136
2592,2,M,east,48,7.22,0,0.001,0.001
2593,2,F,east,23,190.22,0,0.5368,0.0777
2594,2,F,north,50,174.38,0,0.4673,0.101
2595,2,F,east,34,58.36,1,0.0852,0.0747
2596,2,M,east,35,82.31,0,0.001,0.0599
2597,2,F,east,2,80.2,1,0.9334,0.5858
2598,2,F,south,59,56.22,0,0.001,0.0658
2599,2,F,north,3,29.4,1,0.999,0.7113
2600,2,F,south,10,40.85,0,0.9845,0.548
2601,2,F,north,27,52.89,0,0.2441,0.0821
2602,2,M,north,40,66.86,0,0.001,0.0557
2603,2,M,south,1,31.06,1,0.3685,0.7231
2604,2,F,east,59,15.8,0,0.001,0.001
2605,2,M,west,40,82.64,0,0.2178,0.0134
2606,2,M,north,46,87.27,0,0.001,0.0999
2607,2,M,west,1,137.88,1,0.6677,0.5738
2608,2,M,north,12,142.09,0,0.449,0.2376
2609,2,M,north,39,22.11,0,0.001,0.0881
2610,2,M,north,11,31.96,1,0.7445,0.5418
2611,2,M,west,4,133.39,1,0.2035,0.5559
2612,2,M,east,29,83.16,0,0.1062,0.0794
2613,2,F,north,18,84.28,1,0.0527,0.2473
2614,2,M,south,42,53.17,0,0.1307,0.0084
2615,2,M,south,48,142.83,0,0.001,0.001
2616,2,M,east,55,70.51,0,0.001,0.0541
2617,2,F,south,13,44.05,1,0.1957,0.4477
2618,2,F,south,38,83.01,0,0.2307,0.0149
2619,2,F,south,44,111.75,0,0.2086,0.001
2620,2,M,south,41,110.82,0,0.001,0.0266
2621,2,F,south,11,105.91,0,0.0799,0.2652
2622,2,F,west,57,63.95,0,0.3373,0.001
2623,2,F,west,22,49.86,0,0.7447,0.4259
2624,2,F,north,22,9.79,0,0.4047,0.3749
2625,2,F,east,18,186.46,0,0.233,0.0506
2626,2,M,west,30,56.64,0,0.3113,0.2679
2627,2,M,east,12,69.2,1,0.4952,0.3616
2628,2,M,north,49,70.15,1,0.2116,0.0316
2629,2,M,east,26,36.71,0,0.2514,0.1323
2630,2,F,north,48,92.84,0,0.001,0.0139
2631,2,F,north,43,94.69,0,0.1919,0.001
2632,2,F,east,27,82.97,1,0.125,0.0952
2633,2,F,south,52,85.1,0,0.2592,0.0252
2634,2,M,north,29,30.6,0,0.1358,0.1901
2635,2,F,north,49,76.61,0,0.4402,0.0525
2636,2,M,north,4,80.01,1,0.5835,0.541
2637,2,M,east,18,122.13,1,0.523,0.1461
2638,2,F,north,32,164.65,0,0.0439,0.056
2639,2,M,east,43,52.06,1,0.3163,0.0424
2640,2,M,south,19,81.36,0,0.2754,0.19
2641,2,M,south,38,35.98,0,0.001,0.0206
2642,2,F,west,33,66.93,0,0.2747,0.2487
2643,2,F,north,33,98.32,0,0.3814,0.0749
2644,2,F,north,6,45.74,1,0.68,0.5356
2645,2,F,south,54,41.64,0,0.075,0.001
2646,2,F,north,32,104.72,0,0.2485,0.0017
2647,2,M,west,31,30.0,0,0.2848,0.3307
2648,2,M,south,54,29.29,0,0.0838,0.001
2649,2,M,north,12,48.48,1,0.369,0.4652
2650,2,F,east,22,12.61,1,0.6372,0.3295
2651,2,F,east,42,14.07,0,0.2223,0.0927
2652,2,M,east,17,28.6,0,0.5221,0.4047
2653,2,M,west,9,71.88,1,0.4467,0.6342
2654,2,M,south,27,23.85,0,0.241,0.2262
2655,2,F,east,17,264.24,0,0.1283,0.0376
2656,2,M,west,43,112.14,0,0.0083,0.07
2657,2,F,south,45,59.82,0,0.001,0.0554
2658,2,M,south,9,87.25,0,0.4341,0.3797
2659,2,F,west,31,121.87,1,0.1102,0.1023
2660,2,M,east,10,40.32,1,0.2776,0.4955
2661,2,F,north,43,22.33,0,0.0296,0.0972
2662,2,M,east,53,55.95,0,0.2126,0.001
2663,2,F,south,53,158.11,0,0.5315,0.001
2664,2,F,south,9,61.48,0,0.5675,0.4575
2665,2,F,north,28,155.83,0,0.3834,0.0365
2666,2,M,north,51,60.01,0,0.0118,0.0156
2667,2,F,west,58,21.01,0,0.0891,0.0989
2668,2,M,north,33,42.18,1,0.001,0.1372
2669,2,F,west,11,136.95,1,0.609,0.5307
2670,2,M,north,57,44.83,0,0.46,0.0524
2671,2,M,north,4,35.84,0,0.6225,0.6779
2672,2,F,west,19,91.85,1,0.3822,0.428
2673,2,F,west,55,94.11,0,0.5615,0.0575
2674,2,F,south,4,184.34,0,0.3842,0.1926
2675,2,F,east,30,100.77,1,0.2722,0.1167
2676,2,F,north,35,31.34,0,0.1402,0.1228
2677,2,F,east,56,154.47,0,0.2694,0.0256
2678,2,F,east,40,50.68,0,0.3766,0.0984
2679,2,M,west,15,18.51,1,0.5482,0.706
2680,2,M,west,59,39.1,0,0.046,0.102
2681,2,M,north,9,54.76,0,0.4317,0.4547
2682,2,M,west,59,164.61,0,0.001,0.1257
2683,2,M,south,17,214.68,0,0.1768,0.0072
2684,2,M,north,16,174.28,1,0.001,0.0945
2685,2,M,east,11,43.97,1,0.3203,0.4046
2686,2,M,east,26,205.78,0,0.0522,0.0632
2687,2,M,east,9,35.16,0,0.7209,0.5909
2688,2,M,north,11,31.54,0,0.3324,0.5187
2689,2,M,south,2,84.47,1,0.1964,0.556
2690,2,M,north,21,145.33,0,0.001,0.1611
2691,2,M,east,47,114.07,0,0.4141,0.1212
2692,2,M,north,39,85.6,0,0.001,0.0192
2693,2,F,east,12,15.97,1,0.3943,0.5282
2694,2,F,south,25,109.49,0,0.1193,0.1109
2695,2,M,east,9,31.33,0,0.4827,0.5345
2696,2,M,north,3,61.41,0,0.5545,0.5864
2697,2,M,south,50,44.48,0,0.001,0.0532
2698,2,F,south,56,27.83,0,0.0815,0.0289
2699,2,F,east,20,74.58,0,0.533,0.2626
2700,2,F,south,12,42.36,1,0.2493,0.4794
2701,2,M,north,26,92.84,0,0.001,0.086
2702,2,M,north,12,67.54,1,0.247,0.3864
2703,2,M,south,42,29.08,0,0.2615,0.1037
2704,2,M,south,29,199.51,0,0.1626,0.001
2705,2,F,south,38,45.23,0,0.4801,0.1551
2706,2,F,east,43,51.43,0,0.001,0.001
2707,2,M,east,52,148.81,0,0.001,0.0353
2708,2,M,west,11,68.69,0,0.5549,0.5715
2709,2,F,south,30,67.66,0,0.0298,0.1232
2710,2,M,south,54,85.2,0,0.0475,0.001
2711,2,M,west,52,162.56,0,0.3086,0.001
2712,2,F,west,27,68.44,0,0.4906,0.2822
2713,2,M,north,12,7.19,0,0.4608,0.5736
2714,2,F,east,42,44.76,0,0.0108,0.001
2715,2,F,east,23,87.06,1,0.3454,0.161
2716,2,M,east,1,62.84,1,0.93,0.6336
2717,2,F,north,47,69.24,0,0.4694,0.0288
2718,2,F,south,34,83.46,0,0.1045,0.0451
2719,2,F,north,38,89.19,1,0.3245,0.0864
2720,2,F,north,14,40.61,1,0.7321,0.4214
2721,2,M,south,9,4.51,0,0.4845,0.6328
2722,2,M,north,30,84.36,0,0.0923,0.095
2723,2,F,north,28,68.44,0,0.1513,0.156
2724,2,M,north,15,143.73,0,0.2916,0.1393
2725,2,M,south,34,26.91,0,0.2783,0.1606
2726,2,M,south,51,30.41,0,0.001,0.001
2727,2,M,south,51,54.71,0,0.0618,0.0255
2728,2,M,north,12,72.88,0,0.3799,0.3562
2729,2,F,south,43,6.67,0,0.2115,0.0223
2730,2,M,north,7,83.6,0,0.2778,0.4339
2731,2,F,north,26,54.29,0,0.4811,0.2366
2732,2,F,north,46,28.43,0,0.001,0.001
2733,2,M,south,34,97.96,0,0.2735,0.0574
2734,2,F,east,9,81.58,1,0.9365,0.3676
2735,2,M,north,53,60.64,0,0.0971,0.0545
2736,2,M,north,54,51.25,0,0.001,0.0256
2737,2,M,west,50,99.39,0,0.001,0.001
2738,2,F,south,47,66.77,0,0.1037,0.0351
2739,2,M,south,47,58.27,0,0.001,0.001
2740,2,M,south,45,19.06,0,0.1608,0.0242
2741,2,F,north,58,24.15,0,0.001,0.0375
2742,2,F,west,40,127.04,0,0.2282,0.0323
2743,2,F,north,53,155.03,0,0.1547,0.001
2744,2,M,north,1,90.96,1,0.6614,0.5266
2745,2,F,east,12,52.74,0,0.4425,0.3636
2746,2,M,north,41,117.8,0,0.0968,0.089
2747,2,M,south,12,133.02,0,0.4658,0.175
2748,2,F,south,14,212.53,0,0.3895,0.053
2749,2,M,south,24,22.4,0,0.36,0.2302
2750,2,M,north,54,9.13,0,0.3219,0.001
2751,2,F,south,8,135.29,1,0.0143,0.2882
2752,2,M,north,11,133.7,0,0.2566,0.2211
2753,2,F,east,34,47.4,0,0.1073,0.113
2754,2,M,west,58,20.47,0,0.199,0.0937
2755,2,F,west,37,93.74,0,0.001,0.1567
2756,2,F,south,7,108.34,1,0.3871,0.3504
2757,2,F,south,10,176.53,0,0.6092,0.1659
2758,2,M,north,42,31.58,0,0.001,0.0369
2759,2,M,west,36,99.36,0,0.0291,0.1436
2760,2,F,north,24,23.38,1,0.4452,0.2404
2761,2,F,south,50,10.65,0,0.296,0.078
2762,2,F,east,16,17.02,1,0.4033,0.3859
2763,2,M,north,36,51.61,0,0.1529,0.1306
2764,2,M,north,32,123.69,0,0.5729,0.001
2765,2,M,south,52,48.17,0,0.0079,0.0247
2766,2,F,south,49,17.57,0,0.371,0.1002
2767,2,M,south,34,10.64,0,0.1241,0.1722
2768,2,M,east,55,305.77,0,0.001,0.0104
2769,2,F,west,23,56.93,1,0.6686,0.4121
2770,2,F,east,53,155.8,0,0.4871,0.0563
2771,2,M,west,3,55.45,1,0.6414,0.7778
2772,2,F,west,1,7.37,1,0.999,0.9075
2773,2,M,east,11,55.15,1,0.7684,0.4867
2774,2,M,south,20,46.05,0,0.2699,0.2615
2775,2,M,east,39,31.79,0,0.0192,0.0878
2776,2,F,north,15,18.89,1,0.3994,0.4407
2777,2,M,east,30,101.71,0,0.001,0.0022
2778,2,M,west,56,28.73,0,0.2602,0.0293
2779,2,M,north,36,22.63,1,0.001,0.1247
2780,2,F,north,53,121.82,0,0.001,0.001
2781,2,M,north,12,26.55,1,0.279,0.4869
2782,2,F,north,56,68.15,0,0.156,0.001
2783,2,F,south,10,71.45,0,0.1548,0.412
2784,2,F,east,45,157.31,0,0.082,0.001
2785,2,F,north,9,73.46,0,0.8589,0.4476
2786,2,F,east,37,53.54,0,0.3015,0.0313
2787,2,M,east,28,35.17,0,0.1048,0.1488
2788,2,F,south,11,78.17,0,0.5456,0.3529
2789,2,M,east,46,111.37,0,0.001,0.001
2790,2,F,west,50,147.5,0,0.001,0.001
2791,2,F,south,48,163.88,0,0.3769,0.001
2792,2,M,north,39,18.02,0,0.2245,0.1478
2793,2,F,east,21,188.46,0,0.001,0.0499
2794,2,F,east,36,187.18,0,0.0963,0.0075
2795,2,F,south,50,94.42,0,0.4796,0.0582
2796,2,F,west,16,86.44,1,0.6143,0.4809
2797,2,M,south,3,22.19,1,0.7003,0.6954
2798,2,M,east,59,29.79,0,0.0741,0.001
2799,2,F,east,26,68.17,0,0.3894,0.2286
2800,2,F,south,8,140.61,0,0.473,0.2612
2801,2,M,south,32,30.68,0,0.001,0.154
2802,2,F,north,22,85.83,0,0.3135,0.2338
2803,2,M,east,30,64.73,0,0.1364,0.1256
2804,2,M,north,13,86.36,0,0.1292,0.2373
2805,2,F,north,48,83.07,0,0.001,0.001
2806,2,M,west,17,106.58,0,0.4534,0.4033
2807,2,M,south,53,120.49,0,0.001,0.001
2808,2,M,north,36,92.97,0,0.001,0.0249
2809,2,M,west,48,92.07,0,0.001,0.0742
2810,2,M,south,14,77.93,0,0.1978,0.317
2811,2,F,west,30,56.72,1,0.3404,0.2838
2812,2,F,east,36,69.83,0,0.2397,0.0622
2813,2,M,south,10,66.86,0,0.2316,0.3833
2814,2,F,north,14,73.48,0,0.5643,0.3289
2815,2,F,south,31,47.83,0,0.3659,0.2135
2816,2,M,north,56,100.06,0,0.001,0.0436
2817,2,F,south,29,40.34,0,0.0519,0.1378
2818,2,M,north,40,152.47,0,0.001,0.0166
2819,2,M,north,55,124.9,0,0.1238,0.001
2820,2,F,north,18,43.04,1,0.8671,0.3341
2821,2,F,east,2,157.81,0,0.6937,0.3504
2822,2,F,north,10,59.44,1,0.6827,0.4375
2823,2,M,south,53,49.04,0,0.0316,0.0393
2824,2,F,north,38,30.73,1,0.001,0.0602
2825,2,F,east,43,93.48,0,0.4747,0.0578
2826,2,F,south,20,77.87,0,0.2468,0.2119
2827,2,F,south,20,27.42,0,0.4196,0.2054
2828,2,F,east,19,128.04,0,0.3905,0.0815
2829,2,F,south,21,2.66,0,0.527,0.378
2830,2,M,north,33,41.64,0,0.0917,0.0863
2831,2,F,west,7,75.99,1,0.5641,0.676
2832,2,M,south,30,86.34,1,0.273,0.0348
2833,2,F,south,47,27.18,0,0.3517,0.0261
2834,2,F,east,53,86.88,0,0.2792,0.001
2835,2,F,west,43,96.86,0,0.001,0.1156
2836,2,M,west,59,132.02,0,0.107,0.0203
2837,2,M,west,23,18.79,1,0.3654,0.4906
2838,2,F,south,7,73.34,0,0.7315,0.5187
2839,2,M,south,37,35.79,0,0.1118,0.1692
2840,2,M,west,32,100.34,0,0.001,0.1489
2841,2,F,north,24,19.09,1,0.001,0.2231
2842,2,M,west,4,45.83,0,0.7772,0.7966
2843,2,F,south,31,81.76,0,0.3763,0.0504
2844,2,F,south,5,21.06,1,0.6581,0.6326
2845,2,M,east,37,19.21,0,0.0979,0.0498
2846,2,M,north,47,68.79,0,0.001,0.0503
2847,2,M,north,19,102.49,0,0.1226,0.1973
2848,2,F,south,55,42.71,0,0.4373,0.1102
2849,2,M,east,16,72.19,0,0.3269,0.2808
2850,2,M,south,28,126.44,0,0.001,0.0307
2851,2,F,south,55,195.55,0,0.0924,0.0064
2852,2,M,south,9,58.61,1,0.5208,0.4615
2853,2,F,north,9,78.14,0,0.4386,0.4522
2854,2,F,west,10,66.83,0,0.8498,0.6243
2855,2,M,west,47,93.97,0,0.001,0.0966
2856,2,F,west,57,50.07,0,0.2499,0.1226
2857,2,M,east,20,16.85,0,0.0235,0.3794
2858,2,M,east,45,140.49,0,0.001,0.001
2859,2,F,east,57,53.66,0,0.1481,0.0606
2860,2,M,south,16,79.42,0,0.2708,0.2803
2861,2,F,east,59,29.11,0,0.2196,0.0401
2862,2,F,north,8,128.48,0,0.7639,0.2551
2863,2,M,south,31,157.52,0,0.001,0.0705
2864,2,F,south,25,125.21,0,0.3597,0.037
2865,2,F,east,19,6.29,0,0.6472,0.4367
2866,2,M,north,15,40.17,1,0.5327,0.373
2867,2,F,north,24,16.52,0,0.1538,0.3074
2868,2,F,south,10,106.76,0,0.57,0.2868
2869,2,F,east,23,30.22,0,0.4219,0.2649
2870,2,M,east,29,176.54,0,0.3146,0.0532
2871,2,M,north,52,53.58,0,0.001,0.0997
2872,2,M,south,44,68.4,1,0.2062,0.0164
2873,2,F,north,45,7.78,0,0.1735,0.0802
2874,2,F,east,31,26.41,0,0.3068,0.1167
2875,2,M,west,6,85.86,0,0.8737,0.6491
2876,2,M,west,7,164.21,1,0.3865,0.3914
2877,2,M,north,22,163.85,0,0.001,0.1336
2878,2,M,south,15,82.96,0,0.001,0.2551
2879,2,M,north,29,29.26,0,0.0751,0.1999
2880,2,M,south,57,80.91,0,0.001,0.001
2881,2,F,south,37,9.35,0,0.414,0.0455
2882,2,M,south,8,157.98,0,0.1701,0.1679
2883,2,F,south,30,43.54,0,0.0294,0.1378
2884,2,M,south,51,47.97,0,0.0213,0.001
2885,2,M,south,46,89.92,0,0.001,0.0168
2886,2,F,north,14,76.36,0,0.6045,0.3296
2887,2,M,west,52,4.12,0,0.001,0.064
2888,2,M,north,41,74.96,0,0.001,0.0038
2889,2,M,south,16,74.42,1,0.2943,0.2631
2890,2,F,east,4,85.54,0,0.3088,0.4958
2891,2,M,north,15,192.98,0,0.1983,0.1273
2892,2,M,south,53,40.25,0,0.001,0.0726
2893,2,F,south,12,22.56,1,0.5353,0.4194
2894,2,M,south,55,196.69,0,0.001,0.0513
2895,2,F,south,40,119.99,0,0.2201,0.0341
2896,2,F,north,1,35.01,1,0.7101,0.6434
2897,2,F,east,20,12.33,0,0.0907,0.3903
2898,2,F,south,12,111.76,1,0.802,0.3206
2899,2,M,south,53,106.02,0,0.001,0.001
2900,2,F,east,13,71.28,0,0.2946,0.3497
2901,2,M,east,32,160.17,0,0.001,0.001
2902,2,M,east,30,51.39,0,0.3443,0.1268
2903,2,F,north,19,200.46,0,0.1066,0.0515
2904,2,M,north,10,218.15,0,0.001,0.0413
2905,2,M,west,45,89.49,0,0.001,0.001
2906,2,M,south,3,64.56,1,0.5003,0.6006
2907,2,F,north,56,23.61,0,0.1777,0.0362
2908,2,F,south,26,49.31,1,0.2166,0.1747
2909,2,F,north,48,134.69,0,0.3454,0.001
2910,2,M,south,53,31.8,0,0.001,0.001
2911,2,M,east,16,75.25,0,0.4277,0.2684
2912,2,F,north,23,69.95,1,0.5609,0.1749
2913,2,M,south,41,99.99,0,0.2469,0.0595
2914,2,M,west,7,15.73,0,0.7224,0.8296
2915,2,F,north,39,79.91,0,0.3132,0.0297
2916,2,F,west,7,11.36,1,0.6804,0.8174
2917,2,M,west,42,48.98,0,0.3645,0.0912
2918,2,M,east,19,74.87,0,0.001,0.1648
2919,2,F,south,3,5.12,1,0.5597,0.7774
2920,2,M,north,24,82.41,0,0.0319,0.1819
2921,2,F,east,50,55.67,0,0.1636,0.0466
2922,2,M,south,45,51.44,0,0.025,0.0599
2923,2,M,north,58,79.34,0,0.001,0.0117
2924,2,F,north,8,54.0,1,0.411,0.4913
2925,2,F,south,52,142.15,0,0.435,0.0214
2926,2,F,east,48,23.85,0,0.0035,0.009
2927,2,M,south,4,20.01,0,0.999,0.732
2928,2,M,north,58,74.11,0,0.0333,0.001
2929,2,M,west,37,108.87,0,0.2438,0.104
2930,2,F,south,6,57.43,1,0.8314,0.5869
2931,2,F,south,14,23.7,0,0.8101,0.4271
2932,2,M,north,56,36.38,0,0.001,0.0224
2933,2,F,east,5,5.0,1,0.8218,0.7486
2934,2,F,west,19,149.01,0,0.3736,0.2477
2935,2,M,north,3,49.2,1,0.4449,0.6632
2936,2,F,south,37,18.7,0,0.4711,0.154
2937,2,F,north,51,33.21,0,0.2007,0.0153
2938,2,F,north,21,194.7,0,0.3939,0.0614
2939,2,F,west,37,127.32,0,0.1829,0.0661
2940,2,M,south,26,79.28,0,0.253,0.1117
2941,2,F,west,21,109.23,0,0.7023,0.2464
2942,2,F,east,38,25.06,0,0.2059,0.147
2943,2,M,north,39,108.75,0,0.001,0.0406
2944,2,F,north,17,57.68,1,0.4826,0.3803
2945,2,M,north,29,100.61,0,0.001,0.1306
2946,2,F,south,36,39.17,0,0.3346,0.0387
2947,2,F,north,43,43.76,0,0.3301,0.0361
2948,2,M,east,33,93.65,0,0.3655,0.0368
2949,2,F,west,57,68.69,0,0.0669,0.0425
2950,2,M,south,29,73.45,0,0.0949,0.1642
2951,2,M,south,36,68.71,0,0.001,0.11
2952,2,M,east,11,62.26,0,0.6649,0.4089
2953,2,M,north,14,57.63,1,0.3263,0.3982
2954,2,M,south,25,41.29,0,0.0687,0.2359
2955,2,M,west,7,51.49,1,0.8415,0.7523
2956,2,F,north,40,65.27,1,0.129,0.001
2957,2,F,west,56,22.3,0,0.3581,0.0473
2958,2,F,north,17,47.58,0,0.6085,0.3197
2959,2,M,north,47,10.79,0,0.1323,0.0469
2960,2,F,east,6,211.84,1,0.001,0.1872
2961,2,F,south,56,150.12,0,0.001,0.0325
2962,2,M,south,4,58.97,1,0.3441,0.5869
2963,2,M,north,53,106.18,0,0.001,0.0778
2964,2,F,east,28,130.56,0,0.1796,0.0923
2965,2,M,north,20,45.2,0,0.2017,0.2631
2966,2,F,east,1,32.79,0,0.6945,0.7211
2967,2,M,south,48,9.06,0,0.0595,0.0681
2968,2,M,north,23,120.94,0,0.1316,0.1505
2969,2,F,west,40,36.38,1,0.0671,0.1694
2970,2,M,south,39,76.04,0,0.3897,0.071
2971,2,M,north,7,119.89,0,0.353,0.4116
2972,2,M,north,27,113.81,0,0.1361,0.0208
2973,2,M,north,13,36.67,1,0.5367,0.4624
2974,2,F,east,19,39.69,0,0.4825,0.3034
2975,2,F,north,38,19.35,1,0.4849,0.079
2976,2,M,east,14,31.89,1,0.3085,0.4388
2977,2,M,south,53,31.55,0,0.1054,0.0817
2978,2,M,south,4,19.23,1,0.5084,0.6974
2979,2,M,east,40,45.96,0,0.1716,0.0282
2980,2,F,north,25,90.0,0,0.33,0.1242
2981,2,F,east,32,186.3,0,0.306,0.0166
2982,2,F,west,18,112.35,0,0.1217,0.3402
2983,2,F,south,48,95.11,1,0.0634,0.0339
2984,2,F,west,43,54.63,0,0.4239,0.1075
2985,2,F,south,35,52.44,0,0.001,0.0117
2986,2,F,west,1,61.44,1,0.999,0.8596
2987,2,M,north,42,86.2,0,0.001,0.0328
2988,2,F,south,30,59.46,0,0.493,0.1275
2989,2,F,north,41,31.4,0,0.3649,0.1013
2990,2,F,north,4,15.71,0,0.6739,0.626
2991,2,M,south,25,52.77,0,0.1466,0.1666
2992,2,F,north,56,101.58,0,0.4134,0.0429
2993,2,F,south,51,10.64,0,0.001,0.0446
2994,2,M,west,14,218.97,0,0.0194,0.1425
2995,2,M,north,38,47.51,0,0.3694,0.1036
2996,2,F,north,14,11.35,0,0.8622,0.5594
2997,2,F,north,29,38.71,1,0.2265,0.1273
2998,2,F,north,27,20.06,1,0.472,0.2211
2999,2,F,west,57,99.78,0,0.1149,0.001
3000,2,M,east,2,36.88,1,0.7746,0.6412
